workbook,requested_view,twb_file,action_tag,attrs_json
1_1Aspectosdemogrficos_Informacincensal,DHBEvolucinTemporal,1.1 Aspectos demogr├íficos_Informaci├│n censal.twb,action,"{""caption"": ""Email de Contacto"", ""name"": ""[Action115_0054B06EBFA943F6910189C6597C69EF]""}"
1_1Aspectosdemogrficos_Informacincensal,DHBEvolucinTemporal,1.1 Aspectos demogr├íficos_Informaci├│n censal.twb,action,"{""caption"": ""Abrir Ficha de Indicador en Navegador"", ""name"": ""[Action58_26FD83D870AD4219921C118D9EC00DC3]""}"
1_1Aspectosdemogrficos_Informacincensal,DHBEvolucinTemporal,1.1 Aspectos demogr├íficos_Informaci├│n censal.twb,action,"{""caption"": ""Hipervínculo1"", ""name"": ""[Action61_782071EF7B7F48599E3FFD6071AB9AB2]""}"
1_1Aspectosdemogrficos_Informacincensal,DHBEvolucinTemporal,1.1 Aspectos demogr├íficos_Informaci├│n censal.twb,action,"{""caption"": ""Hipervínculo1 1"", ""name"": ""[Action62_DD785F7AC17241AABC3B29FAC64B3BEB]""}"
1_1Aspectosdemogrficos_Informacincensal,DHBEvolucinTemporal,1.1 Aspectos demogr├íficos_Informaci├│n censal.twb,action,"{""caption"": ""Abrir ficha de tablero"", ""name"": ""[Action66_3A07CE108C56479382BBF2D4C06DA00B]""}"
1_1Aspectosdemogrficos_Informacincensal,DHBEvolucinTemporal,1.1 Aspectos demogr├íficos_Informaci├│n censal.twb,action,"{""caption"": ""Abrir documento metodológico"", ""name"": ""[Action66_9062CB6701D844B99160035AD2C29773]""}"
1_1Aspectosdemogrficos_Informacincensal,DHBEvolucinTemporal,1.1 Aspectos demogr├íficos_Informaci├│n censal.twb,action,"{""caption"": ""Abrir ficha de tablero"", ""name"": ""[Action67_D3B595B0CBE54EC1AEC0F52DD7A765F3]""}"
1_1Aspectosdemogrficos_Informacincensal,DHBEvolucinTemporal,1.1 Aspectos demogr├íficos_Informaci├│n censal.twb,action,"{""caption"": ""Abrir ficha de tablero"", ""name"": ""[Action68_3C3966E39AC84077AAA651AFBCFEA9C6]""}"
1_1Aspectosdemogrficos_Informacincensal,DHBEvolucinTemporal,1.1 Aspectos demogr├íficos_Informaci├│n censal.twb,action,"{""caption"": ""Abrir ficha de tablero"", ""name"": ""[Action69_ED19DD4DDAE44B869F51D03C1A03DCCE]""}"
1_1Aspectosdemogrficos_Informacincensal,DHBEvolucinTemporal,1.1 Aspectos demogr├íficos_Informaci├│n censal.twb,action,"{""caption"": ""Abrir instructivo de navegación"", ""name"": ""[Action71_67E7C18BDC9A469F8B0E64E8F4CEFFB1]""}"
1_1Aspectosdemogrficos_Informacincensal,DHBEvolucinTemporal,1.1 Aspectos demogr├íficos_Informaci├│n censal.twb,action,"{""caption"": ""Abrir instructivo de navegación"", ""name"": ""[Action73_18E4F076C6B24905A5680E2375A2717B]""}"
1_1Aspectosdemogrficos_Informacincensal,DHBEvolucinTemporal,1.1 Aspectos demogr├íficos_Informaci├│n censal.twb,action,"{""caption"": ""Abrir Ficha de Indicador en Navegador"", ""name"": ""[Action73_31229A6420E0486187F1E4D3F221CE9F]""}"
1_1Aspectosdemogrficos_Informacincensal,DHBEvolucinTemporal,1.1 Aspectos demogr├íficos_Informaci├│n censal.twb,action,"{""caption"": ""Resaltar Aperturas"", ""name"": ""[Action73_E32BA9D2A1024735B5C171E1FEA7BC25]""}"
1_1Aspectosdemogrficos_Informacincensal,DHBEvolucinTemporal,1.1 Aspectos demogr├íficos_Informaci├│n censal.twb,action,"{""caption"": ""Resaltar Aperturas y Grupos"", ""name"": ""[Action74_11A7CC091FF54458AD10CF5E91EFFBE2]""}"
1_1Aspectosdemogrficos_Informacincensal,DHBEvolucinTemporal,1.1 Aspectos demogr├íficos_Informaci├│n censal.twb,action,"{""caption"": ""Abrir instructivo de navegación"", ""name"": ""[Action74_999CDC3A9CAA4C5691E24C31C9F1B4A3]""}"
1_1Aspectosdemogrficos_Informacincensal,DHBEvolucinTemporal,1.1 Aspectos demogr├íficos_Informaci├│n censal.twb,action,"{""caption"": ""Abrir instructivo de navegación"", ""name"": ""[Action75_A3935C39681F472789DADA401F37D739]""}"
1_1Aspectosdemogrficos_Informacincensal,DHBEvolucinTemporal,1.1 Aspectos demogr├íficos_Informaci├│n censal.twb,action,"{""caption"": ""Abrir instructivo de navegación"", ""name"": ""[Action76_6B049FDC3C514859A46DA39428802947]""}"
1_1Aspectosdemogrficos_Informacincensal,DHBEvolucinTemporal,1.1 Aspectos demogr├íficos_Informaci├│n censal.twb,action,"{""caption"": ""Abrir Doc Técnico Tablero"", ""name"": ""[Action77_29786203F7E94F32A15B58359942D0C4]""}"
1_1Aspectosdemogrficos_Informacincensal,DHBEvolucinTemporal,1.1 Aspectos demogr├íficos_Informaci├│n censal.twb,action,"{""caption"": ""Resaltar Caracteristicas"", ""name"": ""[Action77_FFD8DC28F4A24933934A32F9605B0F98]""}"
1_1Aspectosdemogrficos_Informacincensal,DHBEvolucinTemporal,1.1 Aspectos demogr├íficos_Informaci├│n censal.twb,action,"{""caption"": ""Abrir Doc Técnico Tablero"", ""name"": ""[Action78_EBE921CAF37F4B309EB96A5ED5DB8A22]""}"
1_1Aspectosdemogrficos_Informacincensal,DHBEvolucinTemporal,1.1 Aspectos demogr├íficos_Informaci├│n censal.twb,action,"{""caption"": ""Abrir Doc Técnico Tablero"", ""name"": ""[Action79_00D89CD903D145DFAD0573C412355A71]""}"
1_1Aspectosdemogrficos_Informacincensal,DHBEvolucinTemporal,1.1 Aspectos demogr├íficos_Informaci├│n censal.twb,action,"{""caption"": ""Abrir Ficha de Indicador en Navegador"", ""name"": ""[Action79_57AF9C39F0984647960A55ED516B8CC7]""}"
1_1Aspectosdemogrficos_Informacincensal,DHBEvolucinTemporal,1.1 Aspectos demogr├íficos_Informaci├│n censal.twb,action,"{""caption"": ""Abrir Doc Técnico Tablero"", ""name"": ""[Action80_0FA32C7ED398431B81F5F222485A4ADB]""}"
1_1Aspectosdemogrficos_Informacincensal,DHBEvolucinTemporal,1.1 Aspectos demogr├íficos_Informaci├│n censal.twb,action,"{""caption"": ""Abrir Reporte Tablero"", ""name"": ""[Action81_D738BB048C884B3980243E54CED3A868]""}"
1_1Aspectosdemogrficos_Informacincensal,DHBEvolucinTemporal,1.1 Aspectos demogr├íficos_Informaci├│n censal.twb,action,"{""caption"": ""Abrir Reporte Tablero"", ""name"": ""[Action82_8EE4B630853A4B42A152244EA30ED419]""}"
1_1Aspectosdemogrficos_Informacincensal,DHBEvolucinTemporal,1.1 Aspectos demogr├íficos_Informaci├│n censal.twb,action,"{""caption"": ""Abrir Reporte Tablero"", ""name"": ""[Action83_3A0CE62711D04B5A9D199314C015A8E4]""}"
1_1Aspectosdemogrficos_Informacincensal,DHBEvolucinTemporal,1.1 Aspectos demogr├íficos_Informaci├│n censal.twb,action,"{""caption"": ""Resaltar Distribución Territorial"", ""name"": ""[Action84_8388D165DF4D4A2AAFF488351BD1B339]""}"
1_1Aspectosdemogrficos_Informacincensal,DHBEvolucinTemporal,1.1 Aspectos demogr├íficos_Informaci├│n censal.twb,action,"{""caption"": ""Abrir Reporte Tablero"", ""name"": ""[Action84_89EDF077D0334B089C9652818F5FBFDA]""}"
1_1Aspectosdemogrficos_Informacincensal,DHBEvolucinTemporal,1.1 Aspectos demogr├íficos_Informaci├│n censal.twb,action,"{""caption"": ""Limpiar Filtros Caracteristicas"", ""name"": ""[Action85_09B3E13AFA994020A17F7288DCD5E65E]""}"
1_1Aspectosdemogrficos_Informacincensal,DHBEvolucinTemporal,1.1 Aspectos demogr├íficos_Informaci├│n censal.twb,action,"{""caption"": ""Abrir Ficha de Indicador en Navegador"", ""name"": ""[Action87_E609064812664B048841C4B67F77E84E]""}"
1_1Aspectosdemogrficos_Informacincensal,DHBEvolucinTemporal,1.1 Aspectos demogr├íficos_Informaci├│n censal.twb,action,"{""caption"": ""Limpiar Filtros Evolución Temporal"", ""name"": ""[Action88_13A7663BA9A74EEFB5670759A5FC9E12]""}"
1_1Aspectosdemogrficos_Informacincensal,DHBEvolucinTemporal,1.1 Aspectos demogr├íficos_Informaci├│n censal.twb,action,"{""caption"": ""Limpiar Filtros Disribución Territorial"", ""name"": ""[Action91_E6DDBFEF956947DCBBED04DD16C1CDC1]""}"
1_1Aspectosdemogrficos_Informacincensal,DHBEvolucinTemporal,1.1 Aspectos demogr├íficos_Informaci├│n censal.twb,action,"{""caption"": ""Limpiar Filtros Cruces Relevantes"", ""name"": ""[Action94_57EDD27C4E5F43BD9B42176F0E9BF3C5]""}"
1_1Aspectosdemogrficos_Informacincensal,DHBEvolucinTemporal,1.1 Aspectos demogr├íficos_Informaci├│n censal.twb,datasources,{}
1_1Aspectosdemogrficos_Informacincensal,DHBEvolucinTemporal,1.1 Aspectos demogr├íficos_Informaci├│n censal.twb,datasource-dependencies,"{""datasource"": ""federated.0qiz8oi1sb3cd813zi06q01yhyh5""}"
1_1Aspectosdemogrficos_Informacincensal,DHBEvolucinTemporal,1.1 Aspectos demogr├íficos_Informaci├│n censal.twb,nav-action,"{""caption"": ""Ir a \""DHB Serie Temporal\"""", ""name"": ""[Action62_955C08AEF10C4D53B6C5D39615769087]""}"
1_1Aspectosdemogrficos_Informacincensal,DHBEvolucinTemporal,1.1 Aspectos demogr├íficos_Informaci├│n censal.twb,nav-action,"{""caption"": ""Ir a \""DHB Aperturas\"""", ""name"": ""[Action63_4450420B13C744FF90BD0FDD76DE3833]""}"
1_1Aspectosdemogrficos_Informacincensal,DHBEvolucinTemporal,1.1 Aspectos demogr├íficos_Informaci├│n censal.twb,nav-action,"{""caption"": ""Ir a \""DHB Distribuciones\"""", ""name"": ""[Action64_815F9F4475DB4DDDA0810CFD08041E80]""}"
1_1Aspectosdemogrficos_Informacincensal,DHBEvolucinTemporal,1.1 Aspectos demogr├íficos_Informaci├│n censal.twb,nav-action,"{""caption"": ""Ir a \""DHB Mapa\"""", ""name"": ""[Action65_2FB6D274B8DC46F9B9604AED40715C6C]""}"
1_1Aspectosdemogrficos_Informacincensal,DHBEvolucinTemporal,1.1 Aspectos demogr├íficos_Informaci├│n censal.twb,nav-action,"{""caption"": ""Ir a \""DHB Aperturas\"""", ""name"": ""[Action71_D6400A8B21B44DB082B0C3D0C8E48FB4]""}"
1_1Aspectosdemogrficos_Informacincensal,DHBEvolucinTemporal,1.1 Aspectos demogr├íficos_Informaci├│n censal.twb,nav-action,"{""caption"": ""Ir a \""DHB Distribuciones\"""", ""name"": ""[Action73_5AB8E30009484E4291E4C5CB0B6E9C45]""}"
1_1Aspectosdemogrficos_Informacincensal,DHBEvolucinTemporal,1.1 Aspectos demogr├íficos_Informaci├│n censal.twb,nav-action,"{""caption"": ""Ir a \""DHB Serie Temporal\"""", ""name"": ""[Action74_F9DD9AACAA0D442A8E00D2C1118DD823]""}"
1_1Aspectosdemogrficos_Informacincensal,DHBEvolucinTemporal,1.1 Aspectos demogr├íficos_Informaci├│n censal.twb,nav-action,"{""caption"": ""Ir a \""DHB Distribuciones\"""", ""name"": ""[Action75_8F547391415E44D9801F7A61735EF2A7]""}"
1_1Aspectosdemogrficos_Informacincensal,DHBEvolucinTemporal,1.1 Aspectos demogr├íficos_Informaci├│n censal.twb,nav-action,"{""caption"": ""Ir a \""DHB Serie Temporal\"""", ""name"": ""[Action76_23F9A21CD5A6446FB9F17A8D8CAAFC42]""}"
1_1Aspectosdemogrficos_Informacincensal,DHBEvolucinTemporal,1.1 Aspectos demogr├íficos_Informaci├│n censal.twb,nav-action,"{""caption"": ""Ir a \""DHB Aperturas\"""", ""name"": ""[Action80_3E7DE351771C41FABB6314C05B72C0B9]""}"
1_1Aspectosdemogrficos_Informacincensal,DHBEvolucinTemporal,1.1 Aspectos demogr├íficos_Informaci├│n censal.twb,nav-action,"{""caption"": ""Ir a \""DHB Mapa\"""", ""name"": ""[Action80_D6F8556DEADF468197277ADB54BEE04C]""}"
1_1Aspectosdemogrficos_Informacincensal,DHBEvolucinTemporal,1.1 Aspectos demogr├íficos_Informaci├│n censal.twb,nav-action,"{""caption"": ""Ir a \""DHB Mapa\"""", ""name"": ""[Action81_1DB4F5DCA90545CAB2456A2DF47E22BF]""}"
1_1Aspectosdemogrficos_Informacincensal,DHBEvolucinTemporal,1.1 Aspectos demogr├íficos_Informaci├│n censal.twb,nav-action,"{""caption"": ""Ir a \""DHB Mapa\"""", ""name"": ""[Action81_4C190781C3F3404D960C55A3DA7F6633]""}"
1_1Aspectosdemogrficos_Informacincensal,DHBEvolucinTemporal,1.1 Aspectos demogr├íficos_Informaci├│n censal.twb,nav-action,"{""caption"": ""Ir a \""DHB Aperturas\"""", ""name"": ""[Action82_4D5E6355ECA440EDA9E54E2F8C8EAEC1]""}"
1_1Aspectosdemogrficos_Informacincensal,DHBEvolucinTemporal,1.1 Aspectos demogr├íficos_Informaci├│n censal.twb,nav-action,"{""caption"": ""Ir a \""DHB Serie Temporal\"""", ""name"": ""[Action82_9EEA22A6F478495FB602B1E519F9D324]""}"
1_1Aspectosdemogrficos_Informacincensal,DHBEvolucinTemporal,1.1 Aspectos demogr├íficos_Informaci├│n censal.twb,nav-action,"{""caption"": ""Ir a \""DHB Distribuciones\"""", ""name"": ""[Action85_D4EBBF7C69174331A9E52EB0ACB26D57]""}"
1_1Aspectosdemogrficos_Informacincensal,DHBEvolucinTemporal,1.1 Aspectos demogr├íficos_Informaci├│n censal.twb,edit-parameter-action,"{""caption"": ""SET p_ver_graficos_cruces_relevantes a TRUE"", ""name"": ""[Action107_857CEB9F55EE49B18F9D6414ABB1F59A]""}"
1_1Aspectosdemogrficos_Informacincensal,DHBEvolucinTemporal,1.1 Aspectos demogr├íficos_Informaci├│n censal.twb,edit-parameter-action,"{""caption"": ""SET Parámetro \""Mostrar indicadores\"""", ""name"": ""[Action61_E0B125AE569C4507B52A37B3BD48E6A8]""}"
1_1Aspectosdemogrficos_Informacincensal,DHBEvolucinTemporal,1.1 Aspectos demogr├íficos_Informaci├│n censal.twb,edit-parameter-action,"{""caption"": ""SET Parámetro \""Mostrar indicadores\"""", ""name"": ""[Action67_0F10B5DE880B4E9BB1A75C7594D535EA]""}"
1_1Aspectosdemogrficos_Informacincensal,DHBEvolucinTemporal,1.1 Aspectos demogr├íficos_Informaci├│n censal.twb,edit-parameter-action,"{""caption"": ""SET Parámetro gráfico \""Distribuciones\"""", ""name"": ""[Action69_5A7A0BC0E8074F7184DA46CEAB941C57]""}"
1_1Aspectosdemogrficos_Informacincensal,DHBEvolucinTemporal,1.1 Aspectos demogr├íficos_Informaci├│n censal.twb,edit-parameter-action,"{""caption"": ""SET Parámetro \""Mostrar indicadores\"""", ""name"": ""[Action70_8710F44266F6419C87842BDAC1CA6809]""}"
1_1Aspectosdemogrficos_Informacincensal,DHBEvolucinTemporal,1.1 Aspectos demogr├íficos_Informaci├│n censal.twb,edit-parameter-action,"{""caption"": ""SET Parámetro gráfico \""Distribuciones\"""", ""name"": ""[Action72_5FEECE8ED1C34CC48CE62BA4B8AB2CEC]""}"
1_1Aspectosdemogrficos_Informacincensal,DHBEvolucinTemporal,1.1 Aspectos demogr├íficos_Informaci├│n censal.twb,edit-parameter-action,"{""caption"": ""SET Parámetro gráfico \""Mapa\"""", ""name"": ""[Action74_CDA715690A264A6291FC2F371260F9F5]""}"
1_1Aspectosdemogrficos_Informacincensal,DHBEvolucinTemporal,1.1 Aspectos demogr├íficos_Informaci├│n censal.twb,edit-parameter-action,"{""caption"": ""SET Parámetro gráfico \""Distribuciones\"""", ""name"": ""[Action75_36DC66038CEF4168ADA8319DEFA48C31]""}"
1_1Aspectosdemogrficos_Informacincensal,DHBEvolucinTemporal,1.1 Aspectos demogr├íficos_Informaci├│n censal.twb,edit-parameter-action,"{""caption"": ""SET Parámetro gráfico \""Serie Temporal\"""", ""name"": ""[Action75_B483F79A49794BE8ABAD0AFF3D7B29E4]""}"
1_1Aspectosdemogrficos_Informacincensal,DHBEvolucinTemporal,1.1 Aspectos demogr├íficos_Informaci├│n censal.twb,edit-parameter-action,"{""caption"": ""SET Parámetro gráfico \""Serie Temporal\"""", ""name"": ""[Action76_1DFB0E434E7B4398B817519257133E85]""}"
1_1Aspectosdemogrficos_Informacincensal,DHBEvolucinTemporal,1.1 Aspectos demogr├íficos_Informaci├│n censal.twb,edit-parameter-action,"{""caption"": ""SET Parámetro gráfico \""Aperturas y Grupos\"""", ""name"": ""[Action77_23AC4511A572412E924454639D32B721]""}"
1_1Aspectosdemogrficos_Informacincensal,DHBEvolucinTemporal,1.1 Aspectos demogr├íficos_Informaci├│n censal.twb,edit-parameter-action,"{""caption"": ""SET Parámetro gráfico \""Serie Temporal\"""", ""name"": ""[Action78_8DF7DA98D593462CAE51618F02921235]""}"
1_1Aspectosdemogrficos_Informacincensal,DHBEvolucinTemporal,1.1 Aspectos demogr├íficos_Informaci├│n censal.twb,edit-parameter-action,"{""caption"": ""SET Parámetro gráfico \""Aperturas y Grupos\"""", ""name"": ""[Action78_AFA8A97918E148BE88305342EF0D922E]""}"
1_1Aspectosdemogrficos_Informacincensal,DHBEvolucinTemporal,1.1 Aspectos demogr├íficos_Informaci├│n censal.twb,edit-parameter-action,"{""caption"": ""SET Parámetro gráfico \""Distribuciones\"""", ""name"": ""[Action79_581CFA465B9F4E60A237076047635236]""}"
1_1Aspectosdemogrficos_Informacincensal,DHBEvolucinTemporal,1.1 Aspectos demogr├íficos_Informaci├│n censal.twb,edit-parameter-action,"{""caption"": ""SET Parámetro gráfico \""Aperturas y Grupos\"""", ""name"": ""[Action79_EF7987BE666D410DB3F0067C84837E6A]""}"
1_1Aspectosdemogrficos_Informacincensal,DHBEvolucinTemporal,1.1 Aspectos demogr├íficos_Informaci├│n censal.twb,edit-parameter-action,"{""caption"": ""SET Parámetro gráfico \""Mapa\"""", ""name"": ""[Action80_74DD06703F2B4F47A6D9EDCE5A158D90]""}"
1_1Aspectosdemogrficos_Informacincensal,DHBEvolucinTemporal,1.1 Aspectos demogr├íficos_Informaci├│n censal.twb,edit-parameter-action,"{""caption"": ""SET Parámetro gráfico \""Aperturas y Grupos\"""", ""name"": ""[Action81_FAFD1A080C304D33B7C4454DFBE234F7]""}"
1_1Aspectosdemogrficos_Informacincensal,DHBEvolucinTemporal,1.1 Aspectos demogr├íficos_Informaci├│n censal.twb,edit-parameter-action,"{""caption"": ""SET Parámetro gráfico \""Mapa\"""", ""name"": ""[Action82_24A4FFA2B6114627B68CA2EF79E80520]""}"
1_1Aspectosdemogrficos_Informacincensal,DHBEvolucinTemporal,1.1 Aspectos demogr├íficos_Informaci├│n censal.twb,edit-parameter-action,"{""caption"": ""SET Parámetro gráfico \""Mapa\"""", ""name"": ""[Action83_12C882B798C64DA5919F58E2F7CCADA4]""}"
1_1Aspectosdemogrficos_Informacincensal,DHBEvolucinTemporal,1.1 Aspectos demogr├íficos_Informaci├│n censal.twb,edit-parameter-action,"{""caption"": ""SET Parámetro \""Mostrar indicadores\"""", ""name"": ""[Action84_CD27FE4106414B88934766329605D7B3]""}"
1_1Aspectosdemogrficos_Informacincensal,DHBEvolucinTemporal,1.1 Aspectos demogr├íficos_Informaci├│n censal.twb,edit-parameter-action,"{""caption"": ""SET Parámetro gráfico \""Serie Temporal\"""", ""name"": ""[Action86_FB5BE627EABA47159601AF37A803B2F4]""}"
1_1Aspectosdemogrficos_Informacincensal,DHBEvolucinTemporal,1.1 Aspectos demogr├íficos_Informaci├│n censal.twb,edit-parameter-action,"{""caption"": ""SET p_ver_graficos_caracteristicas a FALSE - BTN Limpiar Filtros"", ""name"": ""[Action87_03C0706613CD4CDF849795006EF4DA4B]""}"
1_1Aspectosdemogrficos_Informacincensal,DHBEvolucinTemporal,1.1 Aspectos demogr├íficos_Informaci├│n censal.twb,edit-parameter-action,"{""caption"": ""SET p_ver_graficos_caracteristicas a TRUE"", ""name"": ""[Action87_77B1F378F67A49B183D29795FA88D3FA]""}"
1_1Aspectosdemogrficos_Informacincensal,DHBEvolucinTemporal,1.1 Aspectos demogr├íficos_Informaci├│n censal.twb,edit-parameter-action,"{""caption"": ""SET p_ver_graficos_cruces_relevantes a FALSE - BTN Limpiar Filtros"", ""name"": ""[Action89_35985F6E4B97497490DF5DE3DF86EA97]""}"
1_1Aspectosdemogrficos_Informacincensal,DHBEvolucinTemporal,1.1 Aspectos demogr├íficos_Informaci├│n censal.twb,edit-parameter-action,"{""caption"": ""SET p_ver_graficos_evol_temporal a FALSE - BTN Limpiar Filtros"", ""name"": ""[Action92_5738C6F2B6174711A34AC65D8EA8BC3C]""}"
1_1Aspectosdemogrficos_Informacincensal,DHBEvolucinTemporal,1.1 Aspectos demogr├íficos_Informaci├│n censal.twb,edit-parameter-action,"{""caption"": ""SET p_ver_graficos_evol_temporal a TRUE"", ""name"": ""[Action93_BF6985021AAF4701A403F2FC3F13728D]""}"
1_1Aspectosdemogrficos_Informacincensal,DHBEvolucinTemporal,1.1 Aspectos demogr├íficos_Informaci├│n censal.twb,edit-parameter-action,"{""caption"": ""SET p_ver_graficos_dist_territorial a TRUE"", ""name"": ""[Action95_709FC18348AC4519A764DC6CC6B8A50D]""}"
1_1Aspectosdemogrficos_Informacincensal,DHBEvolucinTemporal,1.1 Aspectos demogr├íficos_Informaci├│n censal.twb,edit-parameter-action,"{""caption"": ""SET p_ver_graficos_dist_territorial a FALSE - BTN Limpiar Filtros"", ""name"": ""[Action96_CF861296DA8F43FDADAF5EE02E4AB7CF]""}"
2_1aTasasdepobreza,DHBEvolucinTemporal,2.1a Tasas de pobreza.twb,action,"{""caption"": ""Email de Contacto"", ""name"": ""[Action115_0054B06EBFA943F6910189C6597C69EF]""}"
2_1aTasasdepobreza,DHBEvolucinTemporal,2.1a Tasas de pobreza.twb,action,"{""caption"": ""Abrir Ficha de Indicador en Navegador"", ""name"": ""[Action58_26FD83D870AD4219921C118D9EC00DC3]""}"
2_1aTasasdepobreza,DHBEvolucinTemporal,2.1a Tasas de pobreza.twb,action,"{""caption"": ""Hipervínculo1"", ""name"": ""[Action61_782071EF7B7F48599E3FFD6071AB9AB2]""}"
2_1aTasasdepobreza,DHBEvolucinTemporal,2.1a Tasas de pobreza.twb,action,"{""caption"": ""Hipervínculo1 1"", ""name"": ""[Action62_DD785F7AC17241AABC3B29FAC64B3BEB]""}"
2_1aTasasdepobreza,DHBEvolucinTemporal,2.1a Tasas de pobreza.twb,action,"{""caption"": ""Abrir ficha de tablero"", ""name"": ""[Action66_3A07CE108C56479382BBF2D4C06DA00B]""}"
2_1aTasasdepobreza,DHBEvolucinTemporal,2.1a Tasas de pobreza.twb,action,"{""caption"": ""Abrir documento metodológico"", ""name"": ""[Action66_9062CB6701D844B99160035AD2C29773]""}"
2_1aTasasdepobreza,DHBEvolucinTemporal,2.1a Tasas de pobreza.twb,action,"{""caption"": ""Abrir ficha de tablero"", ""name"": ""[Action67_D3B595B0CBE54EC1AEC0F52DD7A765F3]""}"
2_1aTasasdepobreza,DHBEvolucinTemporal,2.1a Tasas de pobreza.twb,action,"{""caption"": ""Abrir ficha de tablero"", ""name"": ""[Action68_3C3966E39AC84077AAA651AFBCFEA9C6]""}"
2_1aTasasdepobreza,DHBEvolucinTemporal,2.1a Tasas de pobreza.twb,action,"{""caption"": ""Abrir ficha de tablero"", ""name"": ""[Action69_ED19DD4DDAE44B869F51D03C1A03DCCE]""}"
2_1aTasasdepobreza,DHBEvolucinTemporal,2.1a Tasas de pobreza.twb,action,"{""caption"": ""Abrir instructivo de navegación"", ""name"": ""[Action71_67E7C18BDC9A469F8B0E64E8F4CEFFB1]""}"
2_1aTasasdepobreza,DHBEvolucinTemporal,2.1a Tasas de pobreza.twb,action,"{""caption"": ""Abrir instructivo de navegación"", ""name"": ""[Action73_18E4F076C6B24905A5680E2375A2717B]""}"
2_1aTasasdepobreza,DHBEvolucinTemporal,2.1a Tasas de pobreza.twb,action,"{""caption"": ""Abrir Ficha de Indicador en Navegador"", ""name"": ""[Action73_31229A6420E0486187F1E4D3F221CE9F]""}"
2_1aTasasdepobreza,DHBEvolucinTemporal,2.1a Tasas de pobreza.twb,action,"{""caption"": ""Resaltar Aperturas"", ""name"": ""[Action73_E32BA9D2A1024735B5C171E1FEA7BC25]""}"
2_1aTasasdepobreza,DHBEvolucinTemporal,2.1a Tasas de pobreza.twb,action,"{""caption"": ""Resaltar Aperturas y Grupos"", ""name"": ""[Action74_11A7CC091FF54458AD10CF5E91EFFBE2]""}"
2_1aTasasdepobreza,DHBEvolucinTemporal,2.1a Tasas de pobreza.twb,action,"{""caption"": ""Abrir instructivo de navegación"", ""name"": ""[Action74_999CDC3A9CAA4C5691E24C31C9F1B4A3]""}"
2_1aTasasdepobreza,DHBEvolucinTemporal,2.1a Tasas de pobreza.twb,action,"{""caption"": ""Abrir instructivo de navegación"", ""name"": ""[Action75_A3935C39681F472789DADA401F37D739]""}"
2_1aTasasdepobreza,DHBEvolucinTemporal,2.1a Tasas de pobreza.twb,action,"{""caption"": ""Abrir instructivo de navegación"", ""name"": ""[Action76_6B049FDC3C514859A46DA39428802947]""}"
2_1aTasasdepobreza,DHBEvolucinTemporal,2.1a Tasas de pobreza.twb,action,"{""caption"": ""Abrir Doc Técnico Tablero"", ""name"": ""[Action77_29786203F7E94F32A15B58359942D0C4]""}"
2_1aTasasdepobreza,DHBEvolucinTemporal,2.1a Tasas de pobreza.twb,action,"{""caption"": ""Resaltar Caracteristicas"", ""name"": ""[Action77_FFD8DC28F4A24933934A32F9605B0F98]""}"
2_1aTasasdepobreza,DHBEvolucinTemporal,2.1a Tasas de pobreza.twb,action,"{""caption"": ""Abrir Doc Técnico Tablero"", ""name"": ""[Action78_EBE921CAF37F4B309EB96A5ED5DB8A22]""}"
2_1aTasasdepobreza,DHBEvolucinTemporal,2.1a Tasas de pobreza.twb,action,"{""caption"": ""Abrir Doc Técnico Tablero"", ""name"": ""[Action79_00D89CD903D145DFAD0573C412355A71]""}"
2_1aTasasdepobreza,DHBEvolucinTemporal,2.1a Tasas de pobreza.twb,action,"{""caption"": ""Abrir Ficha de Indicador en Navegador"", ""name"": ""[Action79_57AF9C39F0984647960A55ED516B8CC7]""}"
2_1aTasasdepobreza,DHBEvolucinTemporal,2.1a Tasas de pobreza.twb,action,"{""caption"": ""Abrir Doc Técnico Tablero"", ""name"": ""[Action80_0FA32C7ED398431B81F5F222485A4ADB]""}"
2_1aTasasdepobreza,DHBEvolucinTemporal,2.1a Tasas de pobreza.twb,action,"{""caption"": ""Abrir Reporte Tablero"", ""name"": ""[Action81_D738BB048C884B3980243E54CED3A868]""}"
2_1aTasasdepobreza,DHBEvolucinTemporal,2.1a Tasas de pobreza.twb,action,"{""caption"": ""Abrir Reporte Tablero"", ""name"": ""[Action82_8EE4B630853A4B42A152244EA30ED419]""}"
2_1aTasasdepobreza,DHBEvolucinTemporal,2.1a Tasas de pobreza.twb,action,"{""caption"": ""Abrir Reporte Tablero"", ""name"": ""[Action83_3A0CE62711D04B5A9D199314C015A8E4]""}"
2_1aTasasdepobreza,DHBEvolucinTemporal,2.1a Tasas de pobreza.twb,action,"{""caption"": ""Resaltar Distribución Territorial"", ""name"": ""[Action84_8388D165DF4D4A2AAFF488351BD1B339]""}"
2_1aTasasdepobreza,DHBEvolucinTemporal,2.1a Tasas de pobreza.twb,action,"{""caption"": ""Abrir Reporte Tablero"", ""name"": ""[Action84_89EDF077D0334B089C9652818F5FBFDA]""}"
2_1aTasasdepobreza,DHBEvolucinTemporal,2.1a Tasas de pobreza.twb,action,"{""caption"": ""Limpiar Filtros Caracteristicas"", ""name"": ""[Action85_09B3E13AFA994020A17F7288DCD5E65E]""}"
2_1aTasasdepobreza,DHBEvolucinTemporal,2.1a Tasas de pobreza.twb,action,"{""caption"": ""Abrir Ficha de Indicador en Navegador"", ""name"": ""[Action87_E609064812664B048841C4B67F77E84E]""}"
2_1aTasasdepobreza,DHBEvolucinTemporal,2.1a Tasas de pobreza.twb,action,"{""caption"": ""Limpiar Filtros Evolución Temporal"", ""name"": ""[Action88_13A7663BA9A74EEFB5670759A5FC9E12]""}"
2_1aTasasdepobreza,DHBEvolucinTemporal,2.1a Tasas de pobreza.twb,action,"{""caption"": ""Limpiar Filtros Disribución Territorial"", ""name"": ""[Action91_E6DDBFEF956947DCBBED04DD16C1CDC1]""}"
2_1aTasasdepobreza,DHBEvolucinTemporal,2.1a Tasas de pobreza.twb,action,"{""caption"": ""Limpiar Filtros Cruces Relevantes"", ""name"": ""[Action94_57EDD27C4E5F43BD9B42176F0E9BF3C5]""}"
2_1aTasasdepobreza,DHBEvolucinTemporal,2.1a Tasas de pobreza.twb,datasources,{}
2_1aTasasdepobreza,DHBEvolucinTemporal,2.1a Tasas de pobreza.twb,datasource-dependencies,"{""datasource"": ""federated.0qiz8oi1sb3cd813zi06q01yhyh5""}"
2_1aTasasdepobreza,DHBEvolucinTemporal,2.1a Tasas de pobreza.twb,nav-action,"{""caption"": ""Ir a \""DHB Serie Temporal\"""", ""name"": ""[Action62_955C08AEF10C4D53B6C5D39615769087]""}"
2_1aTasasdepobreza,DHBEvolucinTemporal,2.1a Tasas de pobreza.twb,nav-action,"{""caption"": ""Ir a \""DHB Aperturas\"""", ""name"": ""[Action63_4450420B13C744FF90BD0FDD76DE3833]""}"
2_1aTasasdepobreza,DHBEvolucinTemporal,2.1a Tasas de pobreza.twb,nav-action,"{""caption"": ""Ir a \""DHB Distribuciones\"""", ""name"": ""[Action64_815F9F4475DB4DDDA0810CFD08041E80]""}"
2_1aTasasdepobreza,DHBEvolucinTemporal,2.1a Tasas de pobreza.twb,nav-action,"{""caption"": ""Ir a \""DHB Mapa\"""", ""name"": ""[Action65_2FB6D274B8DC46F9B9604AED40715C6C]""}"
2_1aTasasdepobreza,DHBEvolucinTemporal,2.1a Tasas de pobreza.twb,nav-action,"{""caption"": ""Ir a \""DHB Aperturas\"""", ""name"": ""[Action71_D6400A8B21B44DB082B0C3D0C8E48FB4]""}"
2_1aTasasdepobreza,DHBEvolucinTemporal,2.1a Tasas de pobreza.twb,nav-action,"{""caption"": ""Ir a \""DHB Distribuciones\"""", ""name"": ""[Action73_5AB8E30009484E4291E4C5CB0B6E9C45]""}"
2_1aTasasdepobreza,DHBEvolucinTemporal,2.1a Tasas de pobreza.twb,nav-action,"{""caption"": ""Ir a \""DHB Serie Temporal\"""", ""name"": ""[Action74_F9DD9AACAA0D442A8E00D2C1118DD823]""}"
2_1aTasasdepobreza,DHBEvolucinTemporal,2.1a Tasas de pobreza.twb,nav-action,"{""caption"": ""Ir a \""DHB Distribuciones\"""", ""name"": ""[Action75_8F547391415E44D9801F7A61735EF2A7]""}"
2_1aTasasdepobreza,DHBEvolucinTemporal,2.1a Tasas de pobreza.twb,nav-action,"{""caption"": ""Ir a \""DHB Serie Temporal\"""", ""name"": ""[Action76_23F9A21CD5A6446FB9F17A8D8CAAFC42]""}"
2_1aTasasdepobreza,DHBEvolucinTemporal,2.1a Tasas de pobreza.twb,nav-action,"{""caption"": ""Ir a \""DHB Aperturas\"""", ""name"": ""[Action80_3E7DE351771C41FABB6314C05B72C0B9]""}"
2_1aTasasdepobreza,DHBEvolucinTemporal,2.1a Tasas de pobreza.twb,nav-action,"{""caption"": ""Ir a \""DHB Mapa\"""", ""name"": ""[Action80_D6F8556DEADF468197277ADB54BEE04C]""}"
2_1aTasasdepobreza,DHBEvolucinTemporal,2.1a Tasas de pobreza.twb,nav-action,"{""caption"": ""Ir a \""DHB Mapa\"""", ""name"": ""[Action81_1DB4F5DCA90545CAB2456A2DF47E22BF]""}"
2_1aTasasdepobreza,DHBEvolucinTemporal,2.1a Tasas de pobreza.twb,nav-action,"{""caption"": ""Ir a \""DHB Mapa\"""", ""name"": ""[Action81_4C190781C3F3404D960C55A3DA7F6633]""}"
2_1aTasasdepobreza,DHBEvolucinTemporal,2.1a Tasas de pobreza.twb,nav-action,"{""caption"": ""Ir a \""DHB Aperturas\"""", ""name"": ""[Action82_4D5E6355ECA440EDA9E54E2F8C8EAEC1]""}"
2_1aTasasdepobreza,DHBEvolucinTemporal,2.1a Tasas de pobreza.twb,nav-action,"{""caption"": ""Ir a \""DHB Serie Temporal\"""", ""name"": ""[Action82_9EEA22A6F478495FB602B1E519F9D324]""}"
2_1aTasasdepobreza,DHBEvolucinTemporal,2.1a Tasas de pobreza.twb,nav-action,"{""caption"": ""Ir a \""DHB Distribuciones\"""", ""name"": ""[Action85_D4EBBF7C69174331A9E52EB0ACB26D57]""}"
2_1aTasasdepobreza,DHBEvolucinTemporal,2.1a Tasas de pobreza.twb,edit-parameter-action,"{""caption"": ""SET p_ver_graficos_cruces_relevantes a TRUE"", ""name"": ""[Action107_857CEB9F55EE49B18F9D6414ABB1F59A]""}"
2_1aTasasdepobreza,DHBEvolucinTemporal,2.1a Tasas de pobreza.twb,edit-parameter-action,"{""caption"": ""SET Parámetro \""Mostrar indicadores\"""", ""name"": ""[Action61_E0B125AE569C4507B52A37B3BD48E6A8]""}"
2_1aTasasdepobreza,DHBEvolucinTemporal,2.1a Tasas de pobreza.twb,edit-parameter-action,"{""caption"": ""SET Parámetro \""Mostrar indicadores\"""", ""name"": ""[Action67_0F10B5DE880B4E9BB1A75C7594D535EA]""}"
2_1aTasasdepobreza,DHBEvolucinTemporal,2.1a Tasas de pobreza.twb,edit-parameter-action,"{""caption"": ""SET Parámetro gráfico \""Distribuciones\"""", ""name"": ""[Action69_5A7A0BC0E8074F7184DA46CEAB941C57]""}"
2_1aTasasdepobreza,DHBEvolucinTemporal,2.1a Tasas de pobreza.twb,edit-parameter-action,"{""caption"": ""SET Parámetro \""Mostrar indicadores\"""", ""name"": ""[Action70_8710F44266F6419C87842BDAC1CA6809]""}"
2_1aTasasdepobreza,DHBEvolucinTemporal,2.1a Tasas de pobreza.twb,edit-parameter-action,"{""caption"": ""SET Parámetro gráfico \""Distribuciones\"""", ""name"": ""[Action72_5FEECE8ED1C34CC48CE62BA4B8AB2CEC]""}"
2_1aTasasdepobreza,DHBEvolucinTemporal,2.1a Tasas de pobreza.twb,edit-parameter-action,"{""caption"": ""SET Parámetro gráfico \""Mapa\"""", ""name"": ""[Action74_CDA715690A264A6291FC2F371260F9F5]""}"
2_1aTasasdepobreza,DHBEvolucinTemporal,2.1a Tasas de pobreza.twb,edit-parameter-action,"{""caption"": ""SET Parámetro gráfico \""Distribuciones\"""", ""name"": ""[Action75_36DC66038CEF4168ADA8319DEFA48C31]""}"
2_1aTasasdepobreza,DHBEvolucinTemporal,2.1a Tasas de pobreza.twb,edit-parameter-action,"{""caption"": ""SET Parámetro gráfico \""Serie Temporal\"""", ""name"": ""[Action75_B483F79A49794BE8ABAD0AFF3D7B29E4]""}"
2_1aTasasdepobreza,DHBEvolucinTemporal,2.1a Tasas de pobreza.twb,edit-parameter-action,"{""caption"": ""SET Parámetro gráfico \""Serie Temporal\"""", ""name"": ""[Action76_1DFB0E434E7B4398B817519257133E85]""}"
2_1aTasasdepobreza,DHBEvolucinTemporal,2.1a Tasas de pobreza.twb,edit-parameter-action,"{""caption"": ""SET Parámetro gráfico \""Aperturas y Grupos\"""", ""name"": ""[Action77_23AC4511A572412E924454639D32B721]""}"
2_1aTasasdepobreza,DHBEvolucinTemporal,2.1a Tasas de pobreza.twb,edit-parameter-action,"{""caption"": ""SET Parámetro gráfico \""Serie Temporal\"""", ""name"": ""[Action78_8DF7DA98D593462CAE51618F02921235]""}"
2_1aTasasdepobreza,DHBEvolucinTemporal,2.1a Tasas de pobreza.twb,edit-parameter-action,"{""caption"": ""SET Parámetro gráfico \""Aperturas y Grupos\"""", ""name"": ""[Action78_AFA8A97918E148BE88305342EF0D922E]""}"
2_1aTasasdepobreza,DHBEvolucinTemporal,2.1a Tasas de pobreza.twb,edit-parameter-action,"{""caption"": ""SET Parámetro gráfico \""Distribuciones\"""", ""name"": ""[Action79_581CFA465B9F4E60A237076047635236]""}"
2_1aTasasdepobreza,DHBEvolucinTemporal,2.1a Tasas de pobreza.twb,edit-parameter-action,"{""caption"": ""SET Parámetro gráfico \""Aperturas y Grupos\"""", ""name"": ""[Action79_EF7987BE666D410DB3F0067C84837E6A]""}"
2_1aTasasdepobreza,DHBEvolucinTemporal,2.1a Tasas de pobreza.twb,edit-parameter-action,"{""caption"": ""SET Parámetro gráfico \""Mapa\"""", ""name"": ""[Action80_74DD06703F2B4F47A6D9EDCE5A158D90]""}"
2_1aTasasdepobreza,DHBEvolucinTemporal,2.1a Tasas de pobreza.twb,edit-parameter-action,"{""caption"": ""SET Parámetro gráfico \""Aperturas y Grupos\"""", ""name"": ""[Action81_FAFD1A080C304D33B7C4454DFBE234F7]""}"
2_1aTasasdepobreza,DHBEvolucinTemporal,2.1a Tasas de pobreza.twb,edit-parameter-action,"{""caption"": ""SET Parámetro gráfico \""Mapa\"""", ""name"": ""[Action82_24A4FFA2B6114627B68CA2EF79E80520]""}"
2_1aTasasdepobreza,DHBEvolucinTemporal,2.1a Tasas de pobreza.twb,edit-parameter-action,"{""caption"": ""SET Parámetro gráfico \""Mapa\"""", ""name"": ""[Action83_12C882B798C64DA5919F58E2F7CCADA4]""}"
2_1aTasasdepobreza,DHBEvolucinTemporal,2.1a Tasas de pobreza.twb,edit-parameter-action,"{""caption"": ""SET Parámetro \""Mostrar indicadores\"""", ""name"": ""[Action84_CD27FE4106414B88934766329605D7B3]""}"
2_1aTasasdepobreza,DHBEvolucinTemporal,2.1a Tasas de pobreza.twb,edit-parameter-action,"{""caption"": ""SET Parámetro gráfico \""Serie Temporal\"""", ""name"": ""[Action86_FB5BE627EABA47159601AF37A803B2F4]""}"
2_1aTasasdepobreza,DHBEvolucinTemporal,2.1a Tasas de pobreza.twb,edit-parameter-action,"{""caption"": ""SET p_ver_graficos_caracteristicas a FALSE - BTN Limpiar Filtros"", ""name"": ""[Action87_03C0706613CD4CDF849795006EF4DA4B]""}"
2_1aTasasdepobreza,DHBEvolucinTemporal,2.1a Tasas de pobreza.twb,edit-parameter-action,"{""caption"": ""SET p_ver_graficos_caracteristicas a TRUE"", ""name"": ""[Action87_77B1F378F67A49B183D29795FA88D3FA]""}"
2_1aTasasdepobreza,DHBEvolucinTemporal,2.1a Tasas de pobreza.twb,edit-parameter-action,"{""caption"": ""SET p_ver_graficos_cruces_relevantes a FALSE - BTN Limpiar Filtros"", ""name"": ""[Action89_35985F6E4B97497490DF5DE3DF86EA97]""}"
2_1aTasasdepobreza,DHBEvolucinTemporal,2.1a Tasas de pobreza.twb,edit-parameter-action,"{""caption"": ""SET p_ver_graficos_evol_temporal a FALSE - BTN Limpiar Filtros"", ""name"": ""[Action92_5738C6F2B6174711A34AC65D8EA8BC3C]""}"
2_1aTasasdepobreza,DHBEvolucinTemporal,2.1a Tasas de pobreza.twb,edit-parameter-action,"{""caption"": ""SET p_ver_graficos_evol_temporal a TRUE"", ""name"": ""[Action93_BF6985021AAF4701A403F2FC3F13728D]""}"
2_1aTasasdepobreza,DHBEvolucinTemporal,2.1a Tasas de pobreza.twb,edit-parameter-action,"{""caption"": ""SET p_ver_graficos_dist_territorial a TRUE"", ""name"": ""[Action95_709FC18348AC4519A764DC6CC6B8A50D]""}"
2_1aTasasdepobreza,DHBEvolucinTemporal,2.1a Tasas de pobreza.twb,edit-parameter-action,"{""caption"": ""SET p_ver_graficos_dist_territorial a FALSE - BTN Limpiar Filtros"", ""name"": ""[Action96_CF861296DA8F43FDADAF5EE02E4AB7CF]""}"
3_3dMatrculaECNivelSecundario,DHBEvolucinTemporal,3.3d Matr├¡cula EC Nivel secundario.twb,action,"{""caption"": ""Email de Contacto"", ""name"": ""[Action115_0054B06EBFA943F6910189C6597C69EF]""}"
3_3dMatrculaECNivelSecundario,DHBEvolucinTemporal,3.3d Matr├¡cula EC Nivel secundario.twb,action,"{""caption"": ""Abrir Ficha de Indicador en Navegador"", ""name"": ""[Action58_26FD83D870AD4219921C118D9EC00DC3]""}"
3_3dMatrculaECNivelSecundario,DHBEvolucinTemporal,3.3d Matr├¡cula EC Nivel secundario.twb,action,"{""caption"": ""Hipervínculo1"", ""name"": ""[Action61_782071EF7B7F48599E3FFD6071AB9AB2]""}"
3_3dMatrculaECNivelSecundario,DHBEvolucinTemporal,3.3d Matr├¡cula EC Nivel secundario.twb,action,"{""caption"": ""Hipervínculo1 1"", ""name"": ""[Action62_DD785F7AC17241AABC3B29FAC64B3BEB]""}"
3_3dMatrculaECNivelSecundario,DHBEvolucinTemporal,3.3d Matr├¡cula EC Nivel secundario.twb,action,"{""caption"": ""Abrir ficha de tablero"", ""name"": ""[Action66_3A07CE108C56479382BBF2D4C06DA00B]""}"
3_3dMatrculaECNivelSecundario,DHBEvolucinTemporal,3.3d Matr├¡cula EC Nivel secundario.twb,action,"{""caption"": ""Abrir documento metodológico"", ""name"": ""[Action66_9062CB6701D844B99160035AD2C29773]""}"
3_3dMatrculaECNivelSecundario,DHBEvolucinTemporal,3.3d Matr├¡cula EC Nivel secundario.twb,action,"{""caption"": ""Abrir ficha de tablero"", ""name"": ""[Action67_D3B595B0CBE54EC1AEC0F52DD7A765F3]""}"
3_3dMatrculaECNivelSecundario,DHBEvolucinTemporal,3.3d Matr├¡cula EC Nivel secundario.twb,action,"{""caption"": ""Abrir ficha de tablero"", ""name"": ""[Action68_3C3966E39AC84077AAA651AFBCFEA9C6]""}"
3_3dMatrculaECNivelSecundario,DHBEvolucinTemporal,3.3d Matr├¡cula EC Nivel secundario.twb,action,"{""caption"": ""Abrir ficha de tablero"", ""name"": ""[Action69_ED19DD4DDAE44B869F51D03C1A03DCCE]""}"
3_3dMatrculaECNivelSecundario,DHBEvolucinTemporal,3.3d Matr├¡cula EC Nivel secundario.twb,action,"{""caption"": ""Abrir instructivo de navegación"", ""name"": ""[Action71_67E7C18BDC9A469F8B0E64E8F4CEFFB1]""}"
3_3dMatrculaECNivelSecundario,DHBEvolucinTemporal,3.3d Matr├¡cula EC Nivel secundario.twb,action,"{""caption"": ""Abrir instructivo de navegación"", ""name"": ""[Action73_18E4F076C6B24905A5680E2375A2717B]""}"
3_3dMatrculaECNivelSecundario,DHBEvolucinTemporal,3.3d Matr├¡cula EC Nivel secundario.twb,action,"{""caption"": ""Abrir Ficha de Indicador en Navegador"", ""name"": ""[Action73_31229A6420E0486187F1E4D3F221CE9F]""}"
3_3dMatrculaECNivelSecundario,DHBEvolucinTemporal,3.3d Matr├¡cula EC Nivel secundario.twb,action,"{""caption"": ""Resaltar Aperturas"", ""name"": ""[Action73_E32BA9D2A1024735B5C171E1FEA7BC25]""}"
3_3dMatrculaECNivelSecundario,DHBEvolucinTemporal,3.3d Matr├¡cula EC Nivel secundario.twb,action,"{""caption"": ""Resaltar Aperturas y Grupos"", ""name"": ""[Action74_11A7CC091FF54458AD10CF5E91EFFBE2]""}"
3_3dMatrculaECNivelSecundario,DHBEvolucinTemporal,3.3d Matr├¡cula EC Nivel secundario.twb,action,"{""caption"": ""Abrir instructivo de navegación"", ""name"": ""[Action74_999CDC3A9CAA4C5691E24C31C9F1B4A3]""}"
3_3dMatrculaECNivelSecundario,DHBEvolucinTemporal,3.3d Matr├¡cula EC Nivel secundario.twb,action,"{""caption"": ""Abrir instructivo de navegación"", ""name"": ""[Action75_A3935C39681F472789DADA401F37D739]""}"
3_3dMatrculaECNivelSecundario,DHBEvolucinTemporal,3.3d Matr├¡cula EC Nivel secundario.twb,action,"{""caption"": ""Abrir instructivo de navegación"", ""name"": ""[Action76_6B049FDC3C514859A46DA39428802947]""}"
3_3dMatrculaECNivelSecundario,DHBEvolucinTemporal,3.3d Matr├¡cula EC Nivel secundario.twb,action,"{""caption"": ""Abrir Doc Técnico Tablero"", ""name"": ""[Action77_29786203F7E94F32A15B58359942D0C4]""}"
3_3dMatrculaECNivelSecundario,DHBEvolucinTemporal,3.3d Matr├¡cula EC Nivel secundario.twb,action,"{""caption"": ""Resaltar Caracteristicas"", ""name"": ""[Action77_FFD8DC28F4A24933934A32F9605B0F98]""}"
3_3dMatrculaECNivelSecundario,DHBEvolucinTemporal,3.3d Matr├¡cula EC Nivel secundario.twb,action,"{""caption"": ""Abrir Doc Técnico Tablero"", ""name"": ""[Action78_EBE921CAF37F4B309EB96A5ED5DB8A22]""}"
3_3dMatrculaECNivelSecundario,DHBEvolucinTemporal,3.3d Matr├¡cula EC Nivel secundario.twb,action,"{""caption"": ""Abrir Doc Técnico Tablero"", ""name"": ""[Action79_00D89CD903D145DFAD0573C412355A71]""}"
3_3dMatrculaECNivelSecundario,DHBEvolucinTemporal,3.3d Matr├¡cula EC Nivel secundario.twb,action,"{""caption"": ""Abrir Ficha de Indicador en Navegador"", ""name"": ""[Action79_57AF9C39F0984647960A55ED516B8CC7]""}"
3_3dMatrculaECNivelSecundario,DHBEvolucinTemporal,3.3d Matr├¡cula EC Nivel secundario.twb,action,"{""caption"": ""Abrir Doc Técnico Tablero"", ""name"": ""[Action80_0FA32C7ED398431B81F5F222485A4ADB]""}"
3_3dMatrculaECNivelSecundario,DHBEvolucinTemporal,3.3d Matr├¡cula EC Nivel secundario.twb,action,"{""caption"": ""Abrir Reporte Tablero"", ""name"": ""[Action81_D738BB048C884B3980243E54CED3A868]""}"
3_3dMatrculaECNivelSecundario,DHBEvolucinTemporal,3.3d Matr├¡cula EC Nivel secundario.twb,action,"{""caption"": ""Abrir Reporte Tablero"", ""name"": ""[Action82_8EE4B630853A4B42A152244EA30ED419]""}"
3_3dMatrculaECNivelSecundario,DHBEvolucinTemporal,3.3d Matr├¡cula EC Nivel secundario.twb,action,"{""caption"": ""Abrir Reporte Tablero"", ""name"": ""[Action83_3A0CE62711D04B5A9D199314C015A8E4]""}"
3_3dMatrculaECNivelSecundario,DHBEvolucinTemporal,3.3d Matr├¡cula EC Nivel secundario.twb,action,"{""caption"": ""Resaltar Distribución Territorial"", ""name"": ""[Action84_8388D165DF4D4A2AAFF488351BD1B339]""}"
3_3dMatrculaECNivelSecundario,DHBEvolucinTemporal,3.3d Matr├¡cula EC Nivel secundario.twb,action,"{""caption"": ""Abrir Reporte Tablero"", ""name"": ""[Action84_89EDF077D0334B089C9652818F5FBFDA]""}"
3_3dMatrculaECNivelSecundario,DHBEvolucinTemporal,3.3d Matr├¡cula EC Nivel secundario.twb,action,"{""caption"": ""Limpiar Filtros Caracteristicas"", ""name"": ""[Action85_09B3E13AFA994020A17F7288DCD5E65E]""}"
3_3dMatrculaECNivelSecundario,DHBEvolucinTemporal,3.3d Matr├¡cula EC Nivel secundario.twb,action,"{""caption"": ""Abrir Ficha de Indicador en Navegador"", ""name"": ""[Action87_E609064812664B048841C4B67F77E84E]""}"
3_3dMatrculaECNivelSecundario,DHBEvolucinTemporal,3.3d Matr├¡cula EC Nivel secundario.twb,action,"{""caption"": ""Limpiar Filtros Evolución Temporal"", ""name"": ""[Action88_13A7663BA9A74EEFB5670759A5FC9E12]""}"
3_3dMatrculaECNivelSecundario,DHBEvolucinTemporal,3.3d Matr├¡cula EC Nivel secundario.twb,action,"{""caption"": ""Limpiar Filtros Disribución Territorial"", ""name"": ""[Action91_E6DDBFEF956947DCBBED04DD16C1CDC1]""}"
3_3dMatrculaECNivelSecundario,DHBEvolucinTemporal,3.3d Matr├¡cula EC Nivel secundario.twb,action,"{""caption"": ""Limpiar Filtros Cruces Relevantes"", ""name"": ""[Action94_57EDD27C4E5F43BD9B42176F0E9BF3C5]""}"
3_3dMatrculaECNivelSecundario,DHBEvolucinTemporal,3.3d Matr├¡cula EC Nivel secundario.twb,datasources,{}
3_3dMatrculaECNivelSecundario,DHBEvolucinTemporal,3.3d Matr├¡cula EC Nivel secundario.twb,datasource-dependencies,"{""datasource"": ""federated.0qiz8oi1sb3cd813zi06q01yhyh5""}"
3_3dMatrculaECNivelSecundario,DHBEvolucinTemporal,3.3d Matr├¡cula EC Nivel secundario.twb,nav-action,"{""caption"": ""Ir a \""DHB Serie Temporal\"""", ""name"": ""[Action62_955C08AEF10C4D53B6C5D39615769087]""}"
3_3dMatrculaECNivelSecundario,DHBEvolucinTemporal,3.3d Matr├¡cula EC Nivel secundario.twb,nav-action,"{""caption"": ""Ir a \""DHB Aperturas\"""", ""name"": ""[Action63_4450420B13C744FF90BD0FDD76DE3833]""}"
3_3dMatrculaECNivelSecundario,DHBEvolucinTemporal,3.3d Matr├¡cula EC Nivel secundario.twb,nav-action,"{""caption"": ""Ir a \""DHB Distribuciones\"""", ""name"": ""[Action64_815F9F4475DB4DDDA0810CFD08041E80]""}"
3_3dMatrculaECNivelSecundario,DHBEvolucinTemporal,3.3d Matr├¡cula EC Nivel secundario.twb,nav-action,"{""caption"": ""Ir a \""DHB Mapa\"""", ""name"": ""[Action65_2FB6D274B8DC46F9B9604AED40715C6C]""}"
3_3dMatrculaECNivelSecundario,DHBEvolucinTemporal,3.3d Matr├¡cula EC Nivel secundario.twb,nav-action,"{""caption"": ""Ir a \""DHB Aperturas\"""", ""name"": ""[Action71_D6400A8B21B44DB082B0C3D0C8E48FB4]""}"
3_3dMatrculaECNivelSecundario,DHBEvolucinTemporal,3.3d Matr├¡cula EC Nivel secundario.twb,nav-action,"{""caption"": ""Ir a \""DHB Distribuciones\"""", ""name"": ""[Action73_5AB8E30009484E4291E4C5CB0B6E9C45]""}"
3_3dMatrculaECNivelSecundario,DHBEvolucinTemporal,3.3d Matr├¡cula EC Nivel secundario.twb,nav-action,"{""caption"": ""Ir a \""DHB Serie Temporal\"""", ""name"": ""[Action74_F9DD9AACAA0D442A8E00D2C1118DD823]""}"
3_3dMatrculaECNivelSecundario,DHBEvolucinTemporal,3.3d Matr├¡cula EC Nivel secundario.twb,nav-action,"{""caption"": ""Ir a \""DHB Distribuciones\"""", ""name"": ""[Action75_8F547391415E44D9801F7A61735EF2A7]""}"
3_3dMatrculaECNivelSecundario,DHBEvolucinTemporal,3.3d Matr├¡cula EC Nivel secundario.twb,nav-action,"{""caption"": ""Ir a \""DHB Serie Temporal\"""", ""name"": ""[Action76_23F9A21CD5A6446FB9F17A8D8CAAFC42]""}"
3_3dMatrculaECNivelSecundario,DHBEvolucinTemporal,3.3d Matr├¡cula EC Nivel secundario.twb,nav-action,"{""caption"": ""Ir a \""DHB Aperturas\"""", ""name"": ""[Action80_3E7DE351771C41FABB6314C05B72C0B9]""}"
3_3dMatrculaECNivelSecundario,DHBEvolucinTemporal,3.3d Matr├¡cula EC Nivel secundario.twb,nav-action,"{""caption"": ""Ir a \""DHB Mapa\"""", ""name"": ""[Action80_D6F8556DEADF468197277ADB54BEE04C]""}"
3_3dMatrculaECNivelSecundario,DHBEvolucinTemporal,3.3d Matr├¡cula EC Nivel secundario.twb,nav-action,"{""caption"": ""Ir a \""DHB Mapa\"""", ""name"": ""[Action81_1DB4F5DCA90545CAB2456A2DF47E22BF]""}"
3_3dMatrculaECNivelSecundario,DHBEvolucinTemporal,3.3d Matr├¡cula EC Nivel secundario.twb,nav-action,"{""caption"": ""Ir a \""DHB Mapa\"""", ""name"": ""[Action81_4C190781C3F3404D960C55A3DA7F6633]""}"
3_3dMatrculaECNivelSecundario,DHBEvolucinTemporal,3.3d Matr├¡cula EC Nivel secundario.twb,nav-action,"{""caption"": ""Ir a \""DHB Aperturas\"""", ""name"": ""[Action82_4D5E6355ECA440EDA9E54E2F8C8EAEC1]""}"
3_3dMatrculaECNivelSecundario,DHBEvolucinTemporal,3.3d Matr├¡cula EC Nivel secundario.twb,nav-action,"{""caption"": ""Ir a \""DHB Serie Temporal\"""", ""name"": ""[Action82_9EEA22A6F478495FB602B1E519F9D324]""}"
3_3dMatrculaECNivelSecundario,DHBEvolucinTemporal,3.3d Matr├¡cula EC Nivel secundario.twb,nav-action,"{""caption"": ""Ir a \""DHB Distribuciones\"""", ""name"": ""[Action85_D4EBBF7C69174331A9E52EB0ACB26D57]""}"
3_3dMatrculaECNivelSecundario,DHBEvolucinTemporal,3.3d Matr├¡cula EC Nivel secundario.twb,edit-parameter-action,"{""caption"": ""SET p_ver_graficos_cruces_relevantes a TRUE"", ""name"": ""[Action107_857CEB9F55EE49B18F9D6414ABB1F59A]""}"
3_3dMatrculaECNivelSecundario,DHBEvolucinTemporal,3.3d Matr├¡cula EC Nivel secundario.twb,edit-parameter-action,"{""caption"": ""SET Parámetro \""Mostrar indicadores\"""", ""name"": ""[Action61_E0B125AE569C4507B52A37B3BD48E6A8]""}"
3_3dMatrculaECNivelSecundario,DHBEvolucinTemporal,3.3d Matr├¡cula EC Nivel secundario.twb,edit-parameter-action,"{""caption"": ""SET Parámetro \""Mostrar indicadores\"""", ""name"": ""[Action67_0F10B5DE880B4E9BB1A75C7594D535EA]""}"
3_3dMatrculaECNivelSecundario,DHBEvolucinTemporal,3.3d Matr├¡cula EC Nivel secundario.twb,edit-parameter-action,"{""caption"": ""SET Parámetro gráfico \""Distribuciones\"""", ""name"": ""[Action69_5A7A0BC0E8074F7184DA46CEAB941C57]""}"
3_3dMatrculaECNivelSecundario,DHBEvolucinTemporal,3.3d Matr├¡cula EC Nivel secundario.twb,edit-parameter-action,"{""caption"": ""SET Parámetro \""Mostrar indicadores\"""", ""name"": ""[Action70_8710F44266F6419C87842BDAC1CA6809]""}"
3_3dMatrculaECNivelSecundario,DHBEvolucinTemporal,3.3d Matr├¡cula EC Nivel secundario.twb,edit-parameter-action,"{""caption"": ""SET Parámetro gráfico \""Distribuciones\"""", ""name"": ""[Action72_5FEECE8ED1C34CC48CE62BA4B8AB2CEC]""}"
3_3dMatrculaECNivelSecundario,DHBEvolucinTemporal,3.3d Matr├¡cula EC Nivel secundario.twb,edit-parameter-action,"{""caption"": ""SET Parámetro gráfico \""Mapa\"""", ""name"": ""[Action74_CDA715690A264A6291FC2F371260F9F5]""}"
3_3dMatrculaECNivelSecundario,DHBEvolucinTemporal,3.3d Matr├¡cula EC Nivel secundario.twb,edit-parameter-action,"{""caption"": ""SET Parámetro gráfico \""Distribuciones\"""", ""name"": ""[Action75_36DC66038CEF4168ADA8319DEFA48C31]""}"
3_3dMatrculaECNivelSecundario,DHBEvolucinTemporal,3.3d Matr├¡cula EC Nivel secundario.twb,edit-parameter-action,"{""caption"": ""SET Parámetro gráfico \""Serie Temporal\"""", ""name"": ""[Action75_B483F79A49794BE8ABAD0AFF3D7B29E4]""}"
3_3dMatrculaECNivelSecundario,DHBEvolucinTemporal,3.3d Matr├¡cula EC Nivel secundario.twb,edit-parameter-action,"{""caption"": ""SET Parámetro gráfico \""Serie Temporal\"""", ""name"": ""[Action76_1DFB0E434E7B4398B817519257133E85]""}"
3_3dMatrculaECNivelSecundario,DHBEvolucinTemporal,3.3d Matr├¡cula EC Nivel secundario.twb,edit-parameter-action,"{""caption"": ""SET Parámetro gráfico \""Aperturas y Grupos\"""", ""name"": ""[Action77_23AC4511A572412E924454639D32B721]""}"
3_3dMatrculaECNivelSecundario,DHBEvolucinTemporal,3.3d Matr├¡cula EC Nivel secundario.twb,edit-parameter-action,"{""caption"": ""SET Parámetro gráfico \""Serie Temporal\"""", ""name"": ""[Action78_8DF7DA98D593462CAE51618F02921235]""}"
3_3dMatrculaECNivelSecundario,DHBEvolucinTemporal,3.3d Matr├¡cula EC Nivel secundario.twb,edit-parameter-action,"{""caption"": ""SET Parámetro gráfico \""Aperturas y Grupos\"""", ""name"": ""[Action78_AFA8A97918E148BE88305342EF0D922E]""}"
3_3dMatrculaECNivelSecundario,DHBEvolucinTemporal,3.3d Matr├¡cula EC Nivel secundario.twb,edit-parameter-action,"{""caption"": ""SET Parámetro gráfico \""Distribuciones\"""", ""name"": ""[Action79_581CFA465B9F4E60A237076047635236]""}"
3_3dMatrculaECNivelSecundario,DHBEvolucinTemporal,3.3d Matr├¡cula EC Nivel secundario.twb,edit-parameter-action,"{""caption"": ""SET Parámetro gráfico \""Aperturas y Grupos\"""", ""name"": ""[Action79_EF7987BE666D410DB3F0067C84837E6A]""}"
3_3dMatrculaECNivelSecundario,DHBEvolucinTemporal,3.3d Matr├¡cula EC Nivel secundario.twb,edit-parameter-action,"{""caption"": ""SET Parámetro gráfico \""Mapa\"""", ""name"": ""[Action80_74DD06703F2B4F47A6D9EDCE5A158D90]""}"
3_3dMatrculaECNivelSecundario,DHBEvolucinTemporal,3.3d Matr├¡cula EC Nivel secundario.twb,edit-parameter-action,"{""caption"": ""SET Parámetro gráfico \""Aperturas y Grupos\"""", ""name"": ""[Action81_FAFD1A080C304D33B7C4454DFBE234F7]""}"
3_3dMatrculaECNivelSecundario,DHBEvolucinTemporal,3.3d Matr├¡cula EC Nivel secundario.twb,edit-parameter-action,"{""caption"": ""SET Parámetro gráfico \""Mapa\"""", ""name"": ""[Action82_24A4FFA2B6114627B68CA2EF79E80520]""}"
3_3dMatrculaECNivelSecundario,DHBEvolucinTemporal,3.3d Matr├¡cula EC Nivel secundario.twb,edit-parameter-action,"{""caption"": ""SET Parámetro gráfico \""Mapa\"""", ""name"": ""[Action83_12C882B798C64DA5919F58E2F7CCADA4]""}"
3_3dMatrculaECNivelSecundario,DHBEvolucinTemporal,3.3d Matr├¡cula EC Nivel secundario.twb,edit-parameter-action,"{""caption"": ""SET Parámetro \""Mostrar indicadores\"""", ""name"": ""[Action84_CD27FE4106414B88934766329605D7B3]""}"
3_3dMatrculaECNivelSecundario,DHBEvolucinTemporal,3.3d Matr├¡cula EC Nivel secundario.twb,edit-parameter-action,"{""caption"": ""SET Parámetro gráfico \""Serie Temporal\"""", ""name"": ""[Action86_FB5BE627EABA47159601AF37A803B2F4]""}"
3_3dMatrculaECNivelSecundario,DHBEvolucinTemporal,3.3d Matr├¡cula EC Nivel secundario.twb,edit-parameter-action,"{""caption"": ""SET p_ver_graficos_caracteristicas a FALSE - BTN Limpiar Filtros"", ""name"": ""[Action87_03C0706613CD4CDF849795006EF4DA4B]""}"
3_3dMatrculaECNivelSecundario,DHBEvolucinTemporal,3.3d Matr├¡cula EC Nivel secundario.twb,edit-parameter-action,"{""caption"": ""SET p_ver_graficos_caracteristicas a TRUE"", ""name"": ""[Action87_77B1F378F67A49B183D29795FA88D3FA]""}"
3_3dMatrculaECNivelSecundario,DHBEvolucinTemporal,3.3d Matr├¡cula EC Nivel secundario.twb,edit-parameter-action,"{""caption"": ""SET p_ver_graficos_cruces_relevantes a FALSE - BTN Limpiar Filtros"", ""name"": ""[Action89_35985F6E4B97497490DF5DE3DF86EA97]""}"
3_3dMatrculaECNivelSecundario,DHBEvolucinTemporal,3.3d Matr├¡cula EC Nivel secundario.twb,edit-parameter-action,"{""caption"": ""SET p_ver_graficos_evol_temporal a FALSE - BTN Limpiar Filtros"", ""name"": ""[Action92_5738C6F2B6174711A34AC65D8EA8BC3C]""}"
3_3dMatrculaECNivelSecundario,DHBEvolucinTemporal,3.3d Matr├¡cula EC Nivel secundario.twb,edit-parameter-action,"{""caption"": ""SET p_ver_graficos_evol_temporal a TRUE"", ""name"": ""[Action93_BF6985021AAF4701A403F2FC3F13728D]""}"
3_3dMatrculaECNivelSecundario,DHBEvolucinTemporal,3.3d Matr├¡cula EC Nivel secundario.twb,edit-parameter-action,"{""caption"": ""SET p_ver_graficos_dist_territorial a TRUE"", ""name"": ""[Action95_709FC18348AC4519A764DC6CC6B8A50D]""}"
3_3dMatrculaECNivelSecundario,DHBEvolucinTemporal,3.3d Matr├¡cula EC Nivel secundario.twb,edit-parameter-action,"{""caption"": ""SET p_ver_graficos_dist_territorial a FALSE - BTN Limpiar Filtros"", ""name"": ""[Action96_CF861296DA8F43FDADAF5EE02E4AB7CF]""}"
4_2aNatalidad,DHBEvolucinTemporal,4.2a Natalidad.twb,action,"{""caption"": ""Email de Contacto"", ""name"": ""[Action115_0054B06EBFA943F6910189C6597C69EF]""}"
4_2aNatalidad,DHBEvolucinTemporal,4.2a Natalidad.twb,action,"{""caption"": ""Abrir Ficha de Indicador en Navegador"", ""name"": ""[Action58_26FD83D870AD4219921C118D9EC00DC3]""}"
4_2aNatalidad,DHBEvolucinTemporal,4.2a Natalidad.twb,action,"{""caption"": ""Hipervínculo1"", ""name"": ""[Action61_782071EF7B7F48599E3FFD6071AB9AB2]""}"
4_2aNatalidad,DHBEvolucinTemporal,4.2a Natalidad.twb,action,"{""caption"": ""Hipervínculo1 1"", ""name"": ""[Action62_DD785F7AC17241AABC3B29FAC64B3BEB]""}"
4_2aNatalidad,DHBEvolucinTemporal,4.2a Natalidad.twb,action,"{""caption"": ""Abrir ficha de tablero"", ""name"": ""[Action66_3A07CE108C56479382BBF2D4C06DA00B]""}"
4_2aNatalidad,DHBEvolucinTemporal,4.2a Natalidad.twb,action,"{""caption"": ""Abrir documento metodológico"", ""name"": ""[Action66_9062CB6701D844B99160035AD2C29773]""}"
4_2aNatalidad,DHBEvolucinTemporal,4.2a Natalidad.twb,action,"{""caption"": ""Abrir ficha de tablero"", ""name"": ""[Action67_D3B595B0CBE54EC1AEC0F52DD7A765F3]""}"
4_2aNatalidad,DHBEvolucinTemporal,4.2a Natalidad.twb,action,"{""caption"": ""Abrir ficha de tablero"", ""name"": ""[Action68_3C3966E39AC84077AAA651AFBCFEA9C6]""}"
4_2aNatalidad,DHBEvolucinTemporal,4.2a Natalidad.twb,action,"{""caption"": ""Abrir ficha de tablero"", ""name"": ""[Action69_ED19DD4DDAE44B869F51D03C1A03DCCE]""}"
4_2aNatalidad,DHBEvolucinTemporal,4.2a Natalidad.twb,action,"{""caption"": ""Abrir instructivo de navegación"", ""name"": ""[Action71_67E7C18BDC9A469F8B0E64E8F4CEFFB1]""}"
4_2aNatalidad,DHBEvolucinTemporal,4.2a Natalidad.twb,action,"{""caption"": ""Abrir instructivo de navegación"", ""name"": ""[Action73_18E4F076C6B24905A5680E2375A2717B]""}"
4_2aNatalidad,DHBEvolucinTemporal,4.2a Natalidad.twb,action,"{""caption"": ""Abrir Ficha de Indicador en Navegador"", ""name"": ""[Action73_31229A6420E0486187F1E4D3F221CE9F]""}"
4_2aNatalidad,DHBEvolucinTemporal,4.2a Natalidad.twb,action,"{""caption"": ""Resaltar Aperturas"", ""name"": ""[Action73_E32BA9D2A1024735B5C171E1FEA7BC25]""}"
4_2aNatalidad,DHBEvolucinTemporal,4.2a Natalidad.twb,action,"{""caption"": ""Resaltar Aperturas y Grupos"", ""name"": ""[Action74_11A7CC091FF54458AD10CF5E91EFFBE2]""}"
4_2aNatalidad,DHBEvolucinTemporal,4.2a Natalidad.twb,action,"{""caption"": ""Abrir instructivo de navegación"", ""name"": ""[Action74_999CDC3A9CAA4C5691E24C31C9F1B4A3]""}"
4_2aNatalidad,DHBEvolucinTemporal,4.2a Natalidad.twb,action,"{""caption"": ""Abrir instructivo de navegación"", ""name"": ""[Action75_A3935C39681F472789DADA401F37D739]""}"
4_2aNatalidad,DHBEvolucinTemporal,4.2a Natalidad.twb,action,"{""caption"": ""Abrir instructivo de navegación"", ""name"": ""[Action76_6B049FDC3C514859A46DA39428802947]""}"
4_2aNatalidad,DHBEvolucinTemporal,4.2a Natalidad.twb,action,"{""caption"": ""Abrir Doc Técnico Tablero"", ""name"": ""[Action77_29786203F7E94F32A15B58359942D0C4]""}"
4_2aNatalidad,DHBEvolucinTemporal,4.2a Natalidad.twb,action,"{""caption"": ""Resaltar Caracteristicas"", ""name"": ""[Action77_FFD8DC28F4A24933934A32F9605B0F98]""}"
4_2aNatalidad,DHBEvolucinTemporal,4.2a Natalidad.twb,action,"{""caption"": ""Abrir Doc Técnico Tablero"", ""name"": ""[Action78_EBE921CAF37F4B309EB96A5ED5DB8A22]""}"
4_2aNatalidad,DHBEvolucinTemporal,4.2a Natalidad.twb,action,"{""caption"": ""Abrir Doc Técnico Tablero"", ""name"": ""[Action79_00D89CD903D145DFAD0573C412355A71]""}"
4_2aNatalidad,DHBEvolucinTemporal,4.2a Natalidad.twb,action,"{""caption"": ""Abrir Ficha de Indicador en Navegador"", ""name"": ""[Action79_57AF9C39F0984647960A55ED516B8CC7]""}"
4_2aNatalidad,DHBEvolucinTemporal,4.2a Natalidad.twb,action,"{""caption"": ""Abrir Doc Técnico Tablero"", ""name"": ""[Action80_0FA32C7ED398431B81F5F222485A4ADB]""}"
4_2aNatalidad,DHBEvolucinTemporal,4.2a Natalidad.twb,action,"{""caption"": ""Abrir Reporte Tablero"", ""name"": ""[Action81_D738BB048C884B3980243E54CED3A868]""}"
4_2aNatalidad,DHBEvolucinTemporal,4.2a Natalidad.twb,action,"{""caption"": ""Abrir Reporte Tablero"", ""name"": ""[Action82_8EE4B630853A4B42A152244EA30ED419]""}"
4_2aNatalidad,DHBEvolucinTemporal,4.2a Natalidad.twb,action,"{""caption"": ""Abrir Reporte Tablero"", ""name"": ""[Action83_3A0CE62711D04B5A9D199314C015A8E4]""}"
4_2aNatalidad,DHBEvolucinTemporal,4.2a Natalidad.twb,action,"{""caption"": ""Resaltar Distribución Territorial"", ""name"": ""[Action84_8388D165DF4D4A2AAFF488351BD1B339]""}"
4_2aNatalidad,DHBEvolucinTemporal,4.2a Natalidad.twb,action,"{""caption"": ""Abrir Reporte Tablero"", ""name"": ""[Action84_89EDF077D0334B089C9652818F5FBFDA]""}"
4_2aNatalidad,DHBEvolucinTemporal,4.2a Natalidad.twb,action,"{""caption"": ""Limpiar Filtros Caracteristicas"", ""name"": ""[Action85_09B3E13AFA994020A17F7288DCD5E65E]""}"
4_2aNatalidad,DHBEvolucinTemporal,4.2a Natalidad.twb,action,"{""caption"": ""Abrir Ficha de Indicador en Navegador"", ""name"": ""[Action87_E609064812664B048841C4B67F77E84E]""}"
4_2aNatalidad,DHBEvolucinTemporal,4.2a Natalidad.twb,action,"{""caption"": ""Limpiar Filtros Evolución Temporal"", ""name"": ""[Action88_13A7663BA9A74EEFB5670759A5FC9E12]""}"
4_2aNatalidad,DHBEvolucinTemporal,4.2a Natalidad.twb,action,"{""caption"": ""Limpiar Filtros Disribución Territorial"", ""name"": ""[Action91_E6DDBFEF956947DCBBED04DD16C1CDC1]""}"
4_2aNatalidad,DHBEvolucinTemporal,4.2a Natalidad.twb,action,"{""caption"": ""Limpiar Filtros Cruces Relevantes"", ""name"": ""[Action94_57EDD27C4E5F43BD9B42176F0E9BF3C5]""}"
4_2aNatalidad,DHBEvolucinTemporal,4.2a Natalidad.twb,datasources,{}
4_2aNatalidad,DHBEvolucinTemporal,4.2a Natalidad.twb,datasource-dependencies,"{""datasource"": ""federated.0qiz8oi1sb3cd813zi06q01yhyh5""}"
4_2aNatalidad,DHBEvolucinTemporal,4.2a Natalidad.twb,nav-action,"{""caption"": ""Ir a \""DHB Serie Temporal\"""", ""name"": ""[Action62_955C08AEF10C4D53B6C5D39615769087]""}"
4_2aNatalidad,DHBEvolucinTemporal,4.2a Natalidad.twb,nav-action,"{""caption"": ""Ir a \""DHB Aperturas\"""", ""name"": ""[Action63_4450420B13C744FF90BD0FDD76DE3833]""}"
4_2aNatalidad,DHBEvolucinTemporal,4.2a Natalidad.twb,nav-action,"{""caption"": ""Ir a \""DHB Distribuciones\"""", ""name"": ""[Action64_815F9F4475DB4DDDA0810CFD08041E80]""}"
4_2aNatalidad,DHBEvolucinTemporal,4.2a Natalidad.twb,nav-action,"{""caption"": ""Ir a \""DHB Mapa\"""", ""name"": ""[Action65_2FB6D274B8DC46F9B9604AED40715C6C]""}"
4_2aNatalidad,DHBEvolucinTemporal,4.2a Natalidad.twb,nav-action,"{""caption"": ""Ir a \""DHB Aperturas\"""", ""name"": ""[Action71_D6400A8B21B44DB082B0C3D0C8E48FB4]""}"
4_2aNatalidad,DHBEvolucinTemporal,4.2a Natalidad.twb,nav-action,"{""caption"": ""Ir a \""DHB Distribuciones\"""", ""name"": ""[Action73_5AB8E30009484E4291E4C5CB0B6E9C45]""}"
4_2aNatalidad,DHBEvolucinTemporal,4.2a Natalidad.twb,nav-action,"{""caption"": ""Ir a \""DHB Serie Temporal\"""", ""name"": ""[Action74_F9DD9AACAA0D442A8E00D2C1118DD823]""}"
4_2aNatalidad,DHBEvolucinTemporal,4.2a Natalidad.twb,nav-action,"{""caption"": ""Ir a \""DHB Distribuciones\"""", ""name"": ""[Action75_8F547391415E44D9801F7A61735EF2A7]""}"
4_2aNatalidad,DHBEvolucinTemporal,4.2a Natalidad.twb,nav-action,"{""caption"": ""Ir a \""DHB Serie Temporal\"""", ""name"": ""[Action76_23F9A21CD5A6446FB9F17A8D8CAAFC42]""}"
4_2aNatalidad,DHBEvolucinTemporal,4.2a Natalidad.twb,nav-action,"{""caption"": ""Ir a \""DHB Aperturas\"""", ""name"": ""[Action80_3E7DE351771C41FABB6314C05B72C0B9]""}"
4_2aNatalidad,DHBEvolucinTemporal,4.2a Natalidad.twb,nav-action,"{""caption"": ""Ir a \""DHB Mapa\"""", ""name"": ""[Action80_D6F8556DEADF468197277ADB54BEE04C]""}"
4_2aNatalidad,DHBEvolucinTemporal,4.2a Natalidad.twb,nav-action,"{""caption"": ""Ir a \""DHB Mapa\"""", ""name"": ""[Action81_1DB4F5DCA90545CAB2456A2DF47E22BF]""}"
4_2aNatalidad,DHBEvolucinTemporal,4.2a Natalidad.twb,nav-action,"{""caption"": ""Ir a \""DHB Mapa\"""", ""name"": ""[Action81_4C190781C3F3404D960C55A3DA7F6633]""}"
4_2aNatalidad,DHBEvolucinTemporal,4.2a Natalidad.twb,nav-action,"{""caption"": ""Ir a \""DHB Aperturas\"""", ""name"": ""[Action82_4D5E6355ECA440EDA9E54E2F8C8EAEC1]""}"
4_2aNatalidad,DHBEvolucinTemporal,4.2a Natalidad.twb,nav-action,"{""caption"": ""Ir a \""DHB Serie Temporal\"""", ""name"": ""[Action82_9EEA22A6F478495FB602B1E519F9D324]""}"
4_2aNatalidad,DHBEvolucinTemporal,4.2a Natalidad.twb,nav-action,"{""caption"": ""Ir a \""DHB Distribuciones\"""", ""name"": ""[Action85_D4EBBF7C69174331A9E52EB0ACB26D57]""}"
4_2aNatalidad,DHBEvolucinTemporal,4.2a Natalidad.twb,edit-parameter-action,"{""caption"": ""SET p_ver_graficos_cruces_relevantes a TRUE"", ""name"": ""[Action107_857CEB9F55EE49B18F9D6414ABB1F59A]""}"
4_2aNatalidad,DHBEvolucinTemporal,4.2a Natalidad.twb,edit-parameter-action,"{""caption"": ""SET Parámetro \""Mostrar indicadores\"""", ""name"": ""[Action61_E0B125AE569C4507B52A37B3BD48E6A8]""}"
4_2aNatalidad,DHBEvolucinTemporal,4.2a Natalidad.twb,edit-parameter-action,"{""caption"": ""SET Parámetro \""Mostrar indicadores\"""", ""name"": ""[Action67_0F10B5DE880B4E9BB1A75C7594D535EA]""}"
4_2aNatalidad,DHBEvolucinTemporal,4.2a Natalidad.twb,edit-parameter-action,"{""caption"": ""SET Parámetro gráfico \""Distribuciones\"""", ""name"": ""[Action69_5A7A0BC0E8074F7184DA46CEAB941C57]""}"
4_2aNatalidad,DHBEvolucinTemporal,4.2a Natalidad.twb,edit-parameter-action,"{""caption"": ""SET Parámetro \""Mostrar indicadores\"""", ""name"": ""[Action70_8710F44266F6419C87842BDAC1CA6809]""}"
4_2aNatalidad,DHBEvolucinTemporal,4.2a Natalidad.twb,edit-parameter-action,"{""caption"": ""SET Parámetro gráfico \""Distribuciones\"""", ""name"": ""[Action72_5FEECE8ED1C34CC48CE62BA4B8AB2CEC]""}"
4_2aNatalidad,DHBEvolucinTemporal,4.2a Natalidad.twb,edit-parameter-action,"{""caption"": ""SET Parámetro gráfico \""Mapa\"""", ""name"": ""[Action74_CDA715690A264A6291FC2F371260F9F5]""}"
4_2aNatalidad,DHBEvolucinTemporal,4.2a Natalidad.twb,edit-parameter-action,"{""caption"": ""SET Parámetro gráfico \""Distribuciones\"""", ""name"": ""[Action75_36DC66038CEF4168ADA8319DEFA48C31]""}"
4_2aNatalidad,DHBEvolucinTemporal,4.2a Natalidad.twb,edit-parameter-action,"{""caption"": ""SET Parámetro gráfico \""Serie Temporal\"""", ""name"": ""[Action75_B483F79A49794BE8ABAD0AFF3D7B29E4]""}"
4_2aNatalidad,DHBEvolucinTemporal,4.2a Natalidad.twb,edit-parameter-action,"{""caption"": ""SET Parámetro gráfico \""Serie Temporal\"""", ""name"": ""[Action76_1DFB0E434E7B4398B817519257133E85]""}"
4_2aNatalidad,DHBEvolucinTemporal,4.2a Natalidad.twb,edit-parameter-action,"{""caption"": ""SET Parámetro gráfico \""Aperturas y Grupos\"""", ""name"": ""[Action77_23AC4511A572412E924454639D32B721]""}"
4_2aNatalidad,DHBEvolucinTemporal,4.2a Natalidad.twb,edit-parameter-action,"{""caption"": ""SET Parámetro gráfico \""Serie Temporal\"""", ""name"": ""[Action78_8DF7DA98D593462CAE51618F02921235]""}"
4_2aNatalidad,DHBEvolucinTemporal,4.2a Natalidad.twb,edit-parameter-action,"{""caption"": ""SET Parámetro gráfico \""Aperturas y Grupos\"""", ""name"": ""[Action78_AFA8A97918E148BE88305342EF0D922E]""}"
4_2aNatalidad,DHBEvolucinTemporal,4.2a Natalidad.twb,edit-parameter-action,"{""caption"": ""SET Parámetro gráfico \""Distribuciones\"""", ""name"": ""[Action79_581CFA465B9F4E60A237076047635236]""}"
4_2aNatalidad,DHBEvolucinTemporal,4.2a Natalidad.twb,edit-parameter-action,"{""caption"": ""SET Parámetro gráfico \""Aperturas y Grupos\"""", ""name"": ""[Action79_EF7987BE666D410DB3F0067C84837E6A]""}"
4_2aNatalidad,DHBEvolucinTemporal,4.2a Natalidad.twb,edit-parameter-action,"{""caption"": ""SET Parámetro gráfico \""Mapa\"""", ""name"": ""[Action80_74DD06703F2B4F47A6D9EDCE5A158D90]""}"
4_2aNatalidad,DHBEvolucinTemporal,4.2a Natalidad.twb,edit-parameter-action,"{""caption"": ""SET Parámetro gráfico \""Aperturas y Grupos\"""", ""name"": ""[Action81_FAFD1A080C304D33B7C4454DFBE234F7]""}"
4_2aNatalidad,DHBEvolucinTemporal,4.2a Natalidad.twb,edit-parameter-action,"{""caption"": ""SET Parámetro gráfico \""Mapa\"""", ""name"": ""[Action82_24A4FFA2B6114627B68CA2EF79E80520]""}"
4_2aNatalidad,DHBEvolucinTemporal,4.2a Natalidad.twb,edit-parameter-action,"{""caption"": ""SET Parámetro gráfico \""Mapa\"""", ""name"": ""[Action83_12C882B798C64DA5919F58E2F7CCADA4]""}"
4_2aNatalidad,DHBEvolucinTemporal,4.2a Natalidad.twb,edit-parameter-action,"{""caption"": ""SET Parámetro \""Mostrar indicadores\"""", ""name"": ""[Action84_CD27FE4106414B88934766329605D7B3]""}"
4_2aNatalidad,DHBEvolucinTemporal,4.2a Natalidad.twb,edit-parameter-action,"{""caption"": ""SET Parámetro gráfico \""Serie Temporal\"""", ""name"": ""[Action86_FB5BE627EABA47159601AF37A803B2F4]""}"
4_2aNatalidad,DHBEvolucinTemporal,4.2a Natalidad.twb,edit-parameter-action,"{""caption"": ""SET p_ver_graficos_caracteristicas a FALSE - BTN Limpiar Filtros"", ""name"": ""[Action87_03C0706613CD4CDF849795006EF4DA4B]""}"
4_2aNatalidad,DHBEvolucinTemporal,4.2a Natalidad.twb,edit-parameter-action,"{""caption"": ""SET p_ver_graficos_caracteristicas a TRUE"", ""name"": ""[Action87_77B1F378F67A49B183D29795FA88D3FA]""}"
4_2aNatalidad,DHBEvolucinTemporal,4.2a Natalidad.twb,edit-parameter-action,"{""caption"": ""SET p_ver_graficos_cruces_relevantes a FALSE - BTN Limpiar Filtros"", ""name"": ""[Action89_35985F6E4B97497490DF5DE3DF86EA97]""}"
4_2aNatalidad,DHBEvolucinTemporal,4.2a Natalidad.twb,edit-parameter-action,"{""caption"": ""SET p_ver_graficos_evol_temporal a FALSE - BTN Limpiar Filtros"", ""name"": ""[Action92_5738C6F2B6174711A34AC65D8EA8BC3C]""}"
4_2aNatalidad,DHBEvolucinTemporal,4.2a Natalidad.twb,edit-parameter-action,"{""caption"": ""SET p_ver_graficos_evol_temporal a TRUE"", ""name"": ""[Action93_BF6985021AAF4701A403F2FC3F13728D]""}"
4_2aNatalidad,DHBEvolucinTemporal,4.2a Natalidad.twb,edit-parameter-action,"{""caption"": ""SET p_ver_graficos_dist_territorial a TRUE"", ""name"": ""[Action95_709FC18348AC4519A764DC6CC6B8A50D]""}"
4_2aNatalidad,DHBEvolucinTemporal,4.2a Natalidad.twb,edit-parameter-action,"{""caption"": ""SET p_ver_graficos_dist_territorial a FALSE - BTN Limpiar Filtros"", ""name"": ""[Action96_CF861296DA8F43FDADAF5EE02E4AB7CF]""}"
5_4aJusticiajuvenilAdolescentesyjvenes,DHBEvolucinTemporal,5.4a Justicia juvenil Adolescentes y j├│venes.twb,action,"{""caption"": ""Email de Contacto"", ""name"": ""[Action115_0054B06EBFA943F6910189C6597C69EF]""}"
5_4aJusticiajuvenilAdolescentesyjvenes,DHBEvolucinTemporal,5.4a Justicia juvenil Adolescentes y j├│venes.twb,action,"{""caption"": ""Abrir Ficha de Indicador en Navegador"", ""name"": ""[Action58_26FD83D870AD4219921C118D9EC00DC3]""}"
5_4aJusticiajuvenilAdolescentesyjvenes,DHBEvolucinTemporal,5.4a Justicia juvenil Adolescentes y j├│venes.twb,action,"{""caption"": ""Hipervínculo1"", ""name"": ""[Action61_782071EF7B7F48599E3FFD6071AB9AB2]""}"
5_4aJusticiajuvenilAdolescentesyjvenes,DHBEvolucinTemporal,5.4a Justicia juvenil Adolescentes y j├│venes.twb,action,"{""caption"": ""Hipervínculo1 1"", ""name"": ""[Action62_DD785F7AC17241AABC3B29FAC64B3BEB]""}"
5_4aJusticiajuvenilAdolescentesyjvenes,DHBEvolucinTemporal,5.4a Justicia juvenil Adolescentes y j├│venes.twb,action,"{""caption"": ""Abrir ficha de tablero"", ""name"": ""[Action66_3A07CE108C56479382BBF2D4C06DA00B]""}"
5_4aJusticiajuvenilAdolescentesyjvenes,DHBEvolucinTemporal,5.4a Justicia juvenil Adolescentes y j├│venes.twb,action,"{""caption"": ""Abrir documento metodológico"", ""name"": ""[Action66_9062CB6701D844B99160035AD2C29773]""}"
5_4aJusticiajuvenilAdolescentesyjvenes,DHBEvolucinTemporal,5.4a Justicia juvenil Adolescentes y j├│venes.twb,action,"{""caption"": ""Abrir ficha de tablero"", ""name"": ""[Action67_D3B595B0CBE54EC1AEC0F52DD7A765F3]""}"
5_4aJusticiajuvenilAdolescentesyjvenes,DHBEvolucinTemporal,5.4a Justicia juvenil Adolescentes y j├│venes.twb,action,"{""caption"": ""Abrir ficha de tablero"", ""name"": ""[Action68_3C3966E39AC84077AAA651AFBCFEA9C6]""}"
5_4aJusticiajuvenilAdolescentesyjvenes,DHBEvolucinTemporal,5.4a Justicia juvenil Adolescentes y j├│venes.twb,action,"{""caption"": ""Abrir ficha de tablero"", ""name"": ""[Action69_ED19DD4DDAE44B869F51D03C1A03DCCE]""}"
5_4aJusticiajuvenilAdolescentesyjvenes,DHBEvolucinTemporal,5.4a Justicia juvenil Adolescentes y j├│venes.twb,action,"{""caption"": ""Abrir instructivo de navegación"", ""name"": ""[Action71_67E7C18BDC9A469F8B0E64E8F4CEFFB1]""}"
5_4aJusticiajuvenilAdolescentesyjvenes,DHBEvolucinTemporal,5.4a Justicia juvenil Adolescentes y j├│venes.twb,action,"{""caption"": ""Abrir instructivo de navegación"", ""name"": ""[Action73_18E4F076C6B24905A5680E2375A2717B]""}"
5_4aJusticiajuvenilAdolescentesyjvenes,DHBEvolucinTemporal,5.4a Justicia juvenil Adolescentes y j├│venes.twb,action,"{""caption"": ""Abrir Ficha de Indicador en Navegador"", ""name"": ""[Action73_31229A6420E0486187F1E4D3F221CE9F]""}"
5_4aJusticiajuvenilAdolescentesyjvenes,DHBEvolucinTemporal,5.4a Justicia juvenil Adolescentes y j├│venes.twb,action,"{""caption"": ""Resaltar Aperturas"", ""name"": ""[Action73_E32BA9D2A1024735B5C171E1FEA7BC25]""}"
5_4aJusticiajuvenilAdolescentesyjvenes,DHBEvolucinTemporal,5.4a Justicia juvenil Adolescentes y j├│venes.twb,action,"{""caption"": ""Resaltar Aperturas y Grupos"", ""name"": ""[Action74_11A7CC091FF54458AD10CF5E91EFFBE2]""}"
5_4aJusticiajuvenilAdolescentesyjvenes,DHBEvolucinTemporal,5.4a Justicia juvenil Adolescentes y j├│venes.twb,action,"{""caption"": ""Abrir instructivo de navegación"", ""name"": ""[Action74_999CDC3A9CAA4C5691E24C31C9F1B4A3]""}"
5_4aJusticiajuvenilAdolescentesyjvenes,DHBEvolucinTemporal,5.4a Justicia juvenil Adolescentes y j├│venes.twb,action,"{""caption"": ""Abrir instructivo de navegación"", ""name"": ""[Action75_A3935C39681F472789DADA401F37D739]""}"
5_4aJusticiajuvenilAdolescentesyjvenes,DHBEvolucinTemporal,5.4a Justicia juvenil Adolescentes y j├│venes.twb,action,"{""caption"": ""Abrir instructivo de navegación"", ""name"": ""[Action76_6B049FDC3C514859A46DA39428802947]""}"
5_4aJusticiajuvenilAdolescentesyjvenes,DHBEvolucinTemporal,5.4a Justicia juvenil Adolescentes y j├│venes.twb,action,"{""caption"": ""Abrir Doc Técnico Tablero"", ""name"": ""[Action77_29786203F7E94F32A15B58359942D0C4]""}"
5_4aJusticiajuvenilAdolescentesyjvenes,DHBEvolucinTemporal,5.4a Justicia juvenil Adolescentes y j├│venes.twb,action,"{""caption"": ""Resaltar Caracteristicas"", ""name"": ""[Action77_FFD8DC28F4A24933934A32F9605B0F98]""}"
5_4aJusticiajuvenilAdolescentesyjvenes,DHBEvolucinTemporal,5.4a Justicia juvenil Adolescentes y j├│venes.twb,action,"{""caption"": ""Abrir Doc Técnico Tablero"", ""name"": ""[Action78_EBE921CAF37F4B309EB96A5ED5DB8A22]""}"
5_4aJusticiajuvenilAdolescentesyjvenes,DHBEvolucinTemporal,5.4a Justicia juvenil Adolescentes y j├│venes.twb,action,"{""caption"": ""Abrir Doc Técnico Tablero"", ""name"": ""[Action79_00D89CD903D145DFAD0573C412355A71]""}"
5_4aJusticiajuvenilAdolescentesyjvenes,DHBEvolucinTemporal,5.4a Justicia juvenil Adolescentes y j├│venes.twb,action,"{""caption"": ""Abrir Ficha de Indicador en Navegador"", ""name"": ""[Action79_57AF9C39F0984647960A55ED516B8CC7]""}"
5_4aJusticiajuvenilAdolescentesyjvenes,DHBEvolucinTemporal,5.4a Justicia juvenil Adolescentes y j├│venes.twb,action,"{""caption"": ""Abrir Doc Técnico Tablero"", ""name"": ""[Action80_0FA32C7ED398431B81F5F222485A4ADB]""}"
5_4aJusticiajuvenilAdolescentesyjvenes,DHBEvolucinTemporal,5.4a Justicia juvenil Adolescentes y j├│venes.twb,action,"{""caption"": ""Abrir Reporte Tablero"", ""name"": ""[Action81_D738BB048C884B3980243E54CED3A868]""}"
5_4aJusticiajuvenilAdolescentesyjvenes,DHBEvolucinTemporal,5.4a Justicia juvenil Adolescentes y j├│venes.twb,action,"{""caption"": ""Abrir Reporte Tablero"", ""name"": ""[Action82_8EE4B630853A4B42A152244EA30ED419]""}"
5_4aJusticiajuvenilAdolescentesyjvenes,DHBEvolucinTemporal,5.4a Justicia juvenil Adolescentes y j├│venes.twb,action,"{""caption"": ""Abrir Reporte Tablero"", ""name"": ""[Action83_3A0CE62711D04B5A9D199314C015A8E4]""}"
5_4aJusticiajuvenilAdolescentesyjvenes,DHBEvolucinTemporal,5.4a Justicia juvenil Adolescentes y j├│venes.twb,action,"{""caption"": ""Resaltar Distribución Territorial"", ""name"": ""[Action84_8388D165DF4D4A2AAFF488351BD1B339]""}"
5_4aJusticiajuvenilAdolescentesyjvenes,DHBEvolucinTemporal,5.4a Justicia juvenil Adolescentes y j├│venes.twb,action,"{""caption"": ""Abrir Reporte Tablero"", ""name"": ""[Action84_89EDF077D0334B089C9652818F5FBFDA]""}"
5_4aJusticiajuvenilAdolescentesyjvenes,DHBEvolucinTemporal,5.4a Justicia juvenil Adolescentes y j├│venes.twb,action,"{""caption"": ""Limpiar Filtros Caracteristicas"", ""name"": ""[Action85_09B3E13AFA994020A17F7288DCD5E65E]""}"
5_4aJusticiajuvenilAdolescentesyjvenes,DHBEvolucinTemporal,5.4a Justicia juvenil Adolescentes y j├│venes.twb,action,"{""caption"": ""Abrir Ficha de Indicador en Navegador"", ""name"": ""[Action87_E609064812664B048841C4B67F77E84E]""}"
5_4aJusticiajuvenilAdolescentesyjvenes,DHBEvolucinTemporal,5.4a Justicia juvenil Adolescentes y j├│venes.twb,action,"{""caption"": ""Limpiar Filtros Evolución Temporal"", ""name"": ""[Action88_13A7663BA9A74EEFB5670759A5FC9E12]""}"
5_4aJusticiajuvenilAdolescentesyjvenes,DHBEvolucinTemporal,5.4a Justicia juvenil Adolescentes y j├│venes.twb,action,"{""caption"": ""Limpiar Filtros Disribución Territorial"", ""name"": ""[Action91_E6DDBFEF956947DCBBED04DD16C1CDC1]""}"
5_4aJusticiajuvenilAdolescentesyjvenes,DHBEvolucinTemporal,5.4a Justicia juvenil Adolescentes y j├│venes.twb,action,"{""caption"": ""Limpiar Filtros Cruces Relevantes"", ""name"": ""[Action94_57EDD27C4E5F43BD9B42176F0E9BF3C5]""}"
5_4aJusticiajuvenilAdolescentesyjvenes,DHBEvolucinTemporal,5.4a Justicia juvenil Adolescentes y j├│venes.twb,datasources,{}
5_4aJusticiajuvenilAdolescentesyjvenes,DHBEvolucinTemporal,5.4a Justicia juvenil Adolescentes y j├│venes.twb,datasource-dependencies,"{""datasource"": ""federated.0qiz8oi1sb3cd813zi06q01yhyh5""}"
5_4aJusticiajuvenilAdolescentesyjvenes,DHBEvolucinTemporal,5.4a Justicia juvenil Adolescentes y j├│venes.twb,nav-action,"{""caption"": ""Ir a \""DHB Serie Temporal\"""", ""name"": ""[Action62_955C08AEF10C4D53B6C5D39615769087]""}"
5_4aJusticiajuvenilAdolescentesyjvenes,DHBEvolucinTemporal,5.4a Justicia juvenil Adolescentes y j├│venes.twb,nav-action,"{""caption"": ""Ir a \""DHB Aperturas\"""", ""name"": ""[Action63_4450420B13C744FF90BD0FDD76DE3833]""}"
5_4aJusticiajuvenilAdolescentesyjvenes,DHBEvolucinTemporal,5.4a Justicia juvenil Adolescentes y j├│venes.twb,nav-action,"{""caption"": ""Ir a \""DHB Distribuciones\"""", ""name"": ""[Action64_815F9F4475DB4DDDA0810CFD08041E80]""}"
5_4aJusticiajuvenilAdolescentesyjvenes,DHBEvolucinTemporal,5.4a Justicia juvenil Adolescentes y j├│venes.twb,nav-action,"{""caption"": ""Ir a \""DHB Mapa\"""", ""name"": ""[Action65_2FB6D274B8DC46F9B9604AED40715C6C]""}"
5_4aJusticiajuvenilAdolescentesyjvenes,DHBEvolucinTemporal,5.4a Justicia juvenil Adolescentes y j├│venes.twb,nav-action,"{""caption"": ""Ir a \""DHB Aperturas\"""", ""name"": ""[Action71_D6400A8B21B44DB082B0C3D0C8E48FB4]""}"
5_4aJusticiajuvenilAdolescentesyjvenes,DHBEvolucinTemporal,5.4a Justicia juvenil Adolescentes y j├│venes.twb,nav-action,"{""caption"": ""Ir a \""DHB Distribuciones\"""", ""name"": ""[Action73_5AB8E30009484E4291E4C5CB0B6E9C45]""}"
5_4aJusticiajuvenilAdolescentesyjvenes,DHBEvolucinTemporal,5.4a Justicia juvenil Adolescentes y j├│venes.twb,nav-action,"{""caption"": ""Ir a \""DHB Serie Temporal\"""", ""name"": ""[Action74_F9DD9AACAA0D442A8E00D2C1118DD823]""}"
5_4aJusticiajuvenilAdolescentesyjvenes,DHBEvolucinTemporal,5.4a Justicia juvenil Adolescentes y j├│venes.twb,nav-action,"{""caption"": ""Ir a \""DHB Distribuciones\"""", ""name"": ""[Action75_8F547391415E44D9801F7A61735EF2A7]""}"
5_4aJusticiajuvenilAdolescentesyjvenes,DHBEvolucinTemporal,5.4a Justicia juvenil Adolescentes y j├│venes.twb,nav-action,"{""caption"": ""Ir a \""DHB Serie Temporal\"""", ""name"": ""[Action76_23F9A21CD5A6446FB9F17A8D8CAAFC42]""}"
5_4aJusticiajuvenilAdolescentesyjvenes,DHBEvolucinTemporal,5.4a Justicia juvenil Adolescentes y j├│venes.twb,nav-action,"{""caption"": ""Ir a \""DHB Aperturas\"""", ""name"": ""[Action80_3E7DE351771C41FABB6314C05B72C0B9]""}"
5_4aJusticiajuvenilAdolescentesyjvenes,DHBEvolucinTemporal,5.4a Justicia juvenil Adolescentes y j├│venes.twb,nav-action,"{""caption"": ""Ir a \""DHB Mapa\"""", ""name"": ""[Action80_D6F8556DEADF468197277ADB54BEE04C]""}"
5_4aJusticiajuvenilAdolescentesyjvenes,DHBEvolucinTemporal,5.4a Justicia juvenil Adolescentes y j├│venes.twb,nav-action,"{""caption"": ""Ir a \""DHB Mapa\"""", ""name"": ""[Action81_1DB4F5DCA90545CAB2456A2DF47E22BF]""}"
5_4aJusticiajuvenilAdolescentesyjvenes,DHBEvolucinTemporal,5.4a Justicia juvenil Adolescentes y j├│venes.twb,nav-action,"{""caption"": ""Ir a \""DHB Mapa\"""", ""name"": ""[Action81_4C190781C3F3404D960C55A3DA7F6633]""}"
5_4aJusticiajuvenilAdolescentesyjvenes,DHBEvolucinTemporal,5.4a Justicia juvenil Adolescentes y j├│venes.twb,nav-action,"{""caption"": ""Ir a \""DHB Aperturas\"""", ""name"": ""[Action82_4D5E6355ECA440EDA9E54E2F8C8EAEC1]""}"
5_4aJusticiajuvenilAdolescentesyjvenes,DHBEvolucinTemporal,5.4a Justicia juvenil Adolescentes y j├│venes.twb,nav-action,"{""caption"": ""Ir a \""DHB Serie Temporal\"""", ""name"": ""[Action82_9EEA22A6F478495FB602B1E519F9D324]""}"
5_4aJusticiajuvenilAdolescentesyjvenes,DHBEvolucinTemporal,5.4a Justicia juvenil Adolescentes y j├│venes.twb,nav-action,"{""caption"": ""Ir a \""DHB Distribuciones\"""", ""name"": ""[Action85_D4EBBF7C69174331A9E52EB0ACB26D57]""}"
5_4aJusticiajuvenilAdolescentesyjvenes,DHBEvolucinTemporal,5.4a Justicia juvenil Adolescentes y j├│venes.twb,edit-parameter-action,"{""caption"": ""SET p_ver_graficos_cruces_relevantes a TRUE"", ""name"": ""[Action107_857CEB9F55EE49B18F9D6414ABB1F59A]""}"
5_4aJusticiajuvenilAdolescentesyjvenes,DHBEvolucinTemporal,5.4a Justicia juvenil Adolescentes y j├│venes.twb,edit-parameter-action,"{""caption"": ""SET Parámetro \""Mostrar indicadores\"""", ""name"": ""[Action61_E0B125AE569C4507B52A37B3BD48E6A8]""}"
5_4aJusticiajuvenilAdolescentesyjvenes,DHBEvolucinTemporal,5.4a Justicia juvenil Adolescentes y j├│venes.twb,edit-parameter-action,"{""caption"": ""SET Parámetro \""Mostrar indicadores\"""", ""name"": ""[Action67_0F10B5DE880B4E9BB1A75C7594D535EA]""}"
5_4aJusticiajuvenilAdolescentesyjvenes,DHBEvolucinTemporal,5.4a Justicia juvenil Adolescentes y j├│venes.twb,edit-parameter-action,"{""caption"": ""SET Parámetro gráfico \""Distribuciones\"""", ""name"": ""[Action69_5A7A0BC0E8074F7184DA46CEAB941C57]""}"
5_4aJusticiajuvenilAdolescentesyjvenes,DHBEvolucinTemporal,5.4a Justicia juvenil Adolescentes y j├│venes.twb,edit-parameter-action,"{""caption"": ""SET Parámetro \""Mostrar indicadores\"""", ""name"": ""[Action70_8710F44266F6419C87842BDAC1CA6809]""}"
5_4aJusticiajuvenilAdolescentesyjvenes,DHBEvolucinTemporal,5.4a Justicia juvenil Adolescentes y j├│venes.twb,edit-parameter-action,"{""caption"": ""SET Parámetro gráfico \""Distribuciones\"""", ""name"": ""[Action72_5FEECE8ED1C34CC48CE62BA4B8AB2CEC]""}"
5_4aJusticiajuvenilAdolescentesyjvenes,DHBEvolucinTemporal,5.4a Justicia juvenil Adolescentes y j├│venes.twb,edit-parameter-action,"{""caption"": ""SET Parámetro gráfico \""Mapa\"""", ""name"": ""[Action74_CDA715690A264A6291FC2F371260F9F5]""}"
5_4aJusticiajuvenilAdolescentesyjvenes,DHBEvolucinTemporal,5.4a Justicia juvenil Adolescentes y j├│venes.twb,edit-parameter-action,"{""caption"": ""SET Parámetro gráfico \""Distribuciones\"""", ""name"": ""[Action75_36DC66038CEF4168ADA8319DEFA48C31]""}"
5_4aJusticiajuvenilAdolescentesyjvenes,DHBEvolucinTemporal,5.4a Justicia juvenil Adolescentes y j├│venes.twb,edit-parameter-action,"{""caption"": ""SET Parámetro gráfico \""Serie Temporal\"""", ""name"": ""[Action75_B483F79A49794BE8ABAD0AFF3D7B29E4]""}"
5_4aJusticiajuvenilAdolescentesyjvenes,DHBEvolucinTemporal,5.4a Justicia juvenil Adolescentes y j├│venes.twb,edit-parameter-action,"{""caption"": ""SET Parámetro gráfico \""Serie Temporal\"""", ""name"": ""[Action76_1DFB0E434E7B4398B817519257133E85]""}"
5_4aJusticiajuvenilAdolescentesyjvenes,DHBEvolucinTemporal,5.4a Justicia juvenil Adolescentes y j├│venes.twb,edit-parameter-action,"{""caption"": ""SET Parámetro gráfico \""Aperturas y Grupos\"""", ""name"": ""[Action77_23AC4511A572412E924454639D32B721]""}"
5_4aJusticiajuvenilAdolescentesyjvenes,DHBEvolucinTemporal,5.4a Justicia juvenil Adolescentes y j├│venes.twb,edit-parameter-action,"{""caption"": ""SET Parámetro gráfico \""Serie Temporal\"""", ""name"": ""[Action78_8DF7DA98D593462CAE51618F02921235]""}"
5_4aJusticiajuvenilAdolescentesyjvenes,DHBEvolucinTemporal,5.4a Justicia juvenil Adolescentes y j├│venes.twb,edit-parameter-action,"{""caption"": ""SET Parámetro gráfico \""Aperturas y Grupos\"""", ""name"": ""[Action78_AFA8A97918E148BE88305342EF0D922E]""}"
5_4aJusticiajuvenilAdolescentesyjvenes,DHBEvolucinTemporal,5.4a Justicia juvenil Adolescentes y j├│venes.twb,edit-parameter-action,"{""caption"": ""SET Parámetro gráfico \""Distribuciones\"""", ""name"": ""[Action79_581CFA465B9F4E60A237076047635236]""}"
5_4aJusticiajuvenilAdolescentesyjvenes,DHBEvolucinTemporal,5.4a Justicia juvenil Adolescentes y j├│venes.twb,edit-parameter-action,"{""caption"": ""SET Parámetro gráfico \""Aperturas y Grupos\"""", ""name"": ""[Action79_EF7987BE666D410DB3F0067C84837E6A]""}"
5_4aJusticiajuvenilAdolescentesyjvenes,DHBEvolucinTemporal,5.4a Justicia juvenil Adolescentes y j├│venes.twb,edit-parameter-action,"{""caption"": ""SET Parámetro gráfico \""Mapa\"""", ""name"": ""[Action80_74DD06703F2B4F47A6D9EDCE5A158D90]""}"
5_4aJusticiajuvenilAdolescentesyjvenes,DHBEvolucinTemporal,5.4a Justicia juvenil Adolescentes y j├│venes.twb,edit-parameter-action,"{""caption"": ""SET Parámetro gráfico \""Aperturas y Grupos\"""", ""name"": ""[Action81_FAFD1A080C304D33B7C4454DFBE234F7]""}"
5_4aJusticiajuvenilAdolescentesyjvenes,DHBEvolucinTemporal,5.4a Justicia juvenil Adolescentes y j├│venes.twb,edit-parameter-action,"{""caption"": ""SET Parámetro gráfico \""Mapa\"""", ""name"": ""[Action82_24A4FFA2B6114627B68CA2EF79E80520]""}"
5_4aJusticiajuvenilAdolescentesyjvenes,DHBEvolucinTemporal,5.4a Justicia juvenil Adolescentes y j├│venes.twb,edit-parameter-action,"{""caption"": ""SET Parámetro gráfico \""Mapa\"""", ""name"": ""[Action83_12C882B798C64DA5919F58E2F7CCADA4]""}"
5_4aJusticiajuvenilAdolescentesyjvenes,DHBEvolucinTemporal,5.4a Justicia juvenil Adolescentes y j├│venes.twb,edit-parameter-action,"{""caption"": ""SET Parámetro \""Mostrar indicadores\"""", ""name"": ""[Action84_CD27FE4106414B88934766329605D7B3]""}"
5_4aJusticiajuvenilAdolescentesyjvenes,DHBEvolucinTemporal,5.4a Justicia juvenil Adolescentes y j├│venes.twb,edit-parameter-action,"{""caption"": ""SET Parámetro gráfico \""Serie Temporal\"""", ""name"": ""[Action86_FB5BE627EABA47159601AF37A803B2F4]""}"
5_4aJusticiajuvenilAdolescentesyjvenes,DHBEvolucinTemporal,5.4a Justicia juvenil Adolescentes y j├│venes.twb,edit-parameter-action,"{""caption"": ""SET p_ver_graficos_caracteristicas a FALSE - BTN Limpiar Filtros"", ""name"": ""[Action87_03C0706613CD4CDF849795006EF4DA4B]""}"
5_4aJusticiajuvenilAdolescentesyjvenes,DHBEvolucinTemporal,5.4a Justicia juvenil Adolescentes y j├│venes.twb,edit-parameter-action,"{""caption"": ""SET p_ver_graficos_caracteristicas a TRUE"", ""name"": ""[Action87_77B1F378F67A49B183D29795FA88D3FA]""}"
5_4aJusticiajuvenilAdolescentesyjvenes,DHBEvolucinTemporal,5.4a Justicia juvenil Adolescentes y j├│venes.twb,edit-parameter-action,"{""caption"": ""SET p_ver_graficos_cruces_relevantes a FALSE - BTN Limpiar Filtros"", ""name"": ""[Action89_35985F6E4B97497490DF5DE3DF86EA97]""}"
5_4aJusticiajuvenilAdolescentesyjvenes,DHBEvolucinTemporal,5.4a Justicia juvenil Adolescentes y j├│venes.twb,edit-parameter-action,"{""caption"": ""SET p_ver_graficos_evol_temporal a FALSE - BTN Limpiar Filtros"", ""name"": ""[Action92_5738C6F2B6174711A34AC65D8EA8BC3C]""}"
5_4aJusticiajuvenilAdolescentesyjvenes,DHBEvolucinTemporal,5.4a Justicia juvenil Adolescentes y j├│venes.twb,edit-parameter-action,"{""caption"": ""SET p_ver_graficos_evol_temporal a TRUE"", ""name"": ""[Action93_BF6985021AAF4701A403F2FC3F13728D]""}"
5_4aJusticiajuvenilAdolescentesyjvenes,DHBEvolucinTemporal,5.4a Justicia juvenil Adolescentes y j├│venes.twb,edit-parameter-action,"{""caption"": ""SET p_ver_graficos_dist_territorial a TRUE"", ""name"": ""[Action95_709FC18348AC4519A764DC6CC6B8A50D]""}"
5_4aJusticiajuvenilAdolescentesyjvenes,DHBEvolucinTemporal,5.4a Justicia juvenil Adolescentes y j├│venes.twb,edit-parameter-action,"{""caption"": ""SET p_ver_graficos_dist_territorial a FALSE - BTN Limpiar Filtros"", ""name"": ""[Action96_CF861296DA8F43FDADAF5EE02E4AB7CF]""}"
