workbook,requested_view,twb_file,datasource,datasource_internal,field_name,caption,datatype,role,type,aggregation,semantic_role,hidden,param_domain_type,calculation_class,formula,members_json
1_1Aspectosdemogrficos_Informacincensal,DHBEvolucinTemporal,1.1 Aspectos demogr├íficos_Informaci├│n censal.twb,Parameters,Parameters,[Gráfico seleccionado (copia)_541839333440561152],p_grafico_cruces_relevantes,string,measure,nominal,,,,list,tableau,"""Barras y tabla""","[{""value"": ""\""Barras\""""}, {""value"": ""\""Tabla\""""}, {""value"": ""\""Barras y tabla\""""}]"
1_1Aspectosdemogrficos_Informacincensal,DHBEvolucinTemporal,1.1 Aspectos demogr├íficos_Informaci├│n censal.twb,Parameters,Parameters,[Parametro gráfico (copia)_541839334149496838],p_seccion,string,measure,nominal,,,,list,tableau,"""Situación General""",[]
1_1Aspectosdemogrficos_Informacincensal,DHBEvolucinTemporal,1.1 Aspectos demogr├íficos_Informaci├│n censal.twb,Parameters,Parameters,[Parámetro 1],p_grafico,string,measure,nominal,,,,list,tableau,"""Evolución temporal""","[{""value"": ""\""Evolución temporal\""""}, {""value"": ""\""Distribución territorial\""""}, {""value"": ""\""Cruces relevantes\""""}, {""value"": ""\""Características\""""}]"
1_1Aspectosdemogrficos_Informacincensal,DHBEvolucinTemporal,1.1 Aspectos demogr├íficos_Informaci├│n censal.twb,Parameters,Parameters,[Parámetro 2],p_tablero,string,measure,nominal,,,,list,tableau,"""1.1. Aspectos demográficos. Información censal""",[]
1_1Aspectosdemogrficos_Informacincensal,DHBEvolucinTemporal,1.1 Aspectos demogr├íficos_Informaci├│n censal.twb,Parameters,Parameters,[Parámetro 3],p_codigo_indicador,string,measure,nominal,,,,any,tableau,"""""",[]
1_1Aspectosdemogrficos_Informacincensal,DHBEvolucinTemporal,1.1 Aspectos demogr├íficos_Informaci├│n censal.twb,Parameters,Parameters,[p_grafico (copia)],p_mostrar_indicadores,boolean,measure,nominal,,,,list,tableau,false,"[{""value"": ""true""}, {""value"": ""false""}]"
1_1Aspectosdemogrficos_Informacincensal,DHBEvolucinTemporal,1.1 Aspectos demogr├íficos_Informaci├│n censal.twb,Parameters,Parameters,[p_grafico_apertura_grupo (copia)_1886797147614048275],p_grafico_caracteristicas,string,measure,nominal,,,,list,tableau,"""Todos""","[{""value"": ""\""Jerarquía\""""}, {""value"": ""\""Torta\""""}, {""value"": ""\""Barras\""""}, {""value"": ""\""Todos\""""}]"
1_1Aspectosdemogrficos_Informacincensal,DHBEvolucinTemporal,1.1 Aspectos demogr├íficos_Informaci├│n censal.twb,Parameters,Parameters,[p_mostrar_indicadores (copy)_4723009404655562774],p_ver_graficos_caracteristicas,boolean,measure,nominal,,,,list,tableau,false,"[{""value"": ""true""}, {""value"": ""false""}]"
1_1Aspectosdemogrficos_Informacincensal,DHBEvolucinTemporal,1.1 Aspectos demogr├íficos_Informaci├│n censal.twb,Parameters,Parameters,[p_ver_graficos_caracteristicas (copy)_54254335857623040],p_ver_graficos_cruces_relevantes,boolean,measure,nominal,,,,list,tableau,false,"[{""value"": ""true""}, {""value"": ""false""}]"
1_1Aspectosdemogrficos_Informacincensal,DHBEvolucinTemporal,1.1 Aspectos demogr├íficos_Informaci├│n censal.twb,Parameters,Parameters,[p_ver_graficos_cruces_relevantes (copy)_54254335887020034],p_ver_graficos_dist_territorial,boolean,measure,nominal,,,,list,tableau,false,"[{""value"": ""true""}, {""value"": ""false""}]"
1_1Aspectosdemogrficos_Informacincensal,DHBEvolucinTemporal,1.1 Aspectos demogr├íficos_Informaci├│n censal.twb,Parameters,Parameters,[p_ver_graficos_dist_territorial (copy)_54254335887122435],p_ver_graficos_evol_temporal,boolean,measure,nominal,,,,list,tableau,false,"[{""value"": ""true""}, {""value"": ""false""}]"
1_1Aspectosdemogrficos_Informacincensal,DHBEvolucinTemporal,1.1 Aspectos demogr├íficos_Informaci├│n censal.twb,DATOS_ADMIN_SM,federated.0qiz8oi1sb3cd813zi06q01yhyh5,[Gráfico seleccionado (copia)_541839333440561152],p_grafico_cruces_relevantes,string,measure,nominal,,,,list,tableau,"""Barras y tabla""",[]
1_1Aspectosdemogrficos_Informacincensal,DHBEvolucinTemporal,1.1 Aspectos demogr├íficos_Informaci├│n censal.twb,DATOS_ADMIN_SM,federated.0qiz8oi1sb3cd813zi06q01yhyh5,[Parametro gráfico (copia)_541839334149496838],p_seccion,string,measure,nominal,,,,list,tableau,"""Situación General""",[]
1_1Aspectosdemogrficos_Informacincensal,DHBEvolucinTemporal,1.1 Aspectos demogr├íficos_Informaci├│n censal.twb,DATOS_ADMIN_SM,federated.0qiz8oi1sb3cd813zi06q01yhyh5,[Parámetro 1],p_grafico,string,measure,nominal,,,,list,tableau,"""Evolución temporal""",[]
1_1Aspectosdemogrficos_Informacincensal,DHBEvolucinTemporal,1.1 Aspectos demogr├íficos_Informaci├│n censal.twb,DATOS_ADMIN_SM,federated.0qiz8oi1sb3cd813zi06q01yhyh5,[Parámetro 2],p_tablero,string,measure,nominal,,,,list,tableau,"""1.1. Aspectos demográficos. Información censal""",[]
1_1Aspectosdemogrficos_Informacincensal,DHBEvolucinTemporal,1.1 Aspectos demogr├íficos_Informaci├│n censal.twb,DATOS_ADMIN_SM,federated.0qiz8oi1sb3cd813zi06q01yhyh5,[p_grafico (copia)],p_mostrar_indicadores,boolean,measure,nominal,,,,list,tableau,false,[]
1_1Aspectosdemogrficos_Informacincensal,DHBEvolucinTemporal,1.1 Aspectos demogr├íficos_Informaci├│n censal.twb,DATOS_ADMIN_SM,federated.0qiz8oi1sb3cd813zi06q01yhyh5,[p_grafico_apertura_grupo (copia)_1886797147614048275],p_grafico_caracteristicas,string,measure,nominal,,,,list,tableau,"""Todos""",[]
1_1Aspectosdemogrficos_Informacincensal,DHBEvolucinTemporal,1.1 Aspectos demogr├íficos_Informaci├│n censal.twb,DATOS_ADMIN_SM,federated.0qiz8oi1sb3cd813zi06q01yhyh5,[p_mostrar_indicadores (copy)_4723009404655562774],p_ver_graficos_caracteristicas,boolean,measure,nominal,,,,list,tableau,false,[]
1_1Aspectosdemogrficos_Informacincensal,DHBEvolucinTemporal,1.1 Aspectos demogr├íficos_Informaci├│n censal.twb,DATOS_ADMIN_SM,federated.0qiz8oi1sb3cd813zi06q01yhyh5,[p_ver_graficos_caracteristicas (copy)_54254335857623040],p_ver_graficos_cruces_relevantes,boolean,measure,nominal,,,,list,tableau,false,[]
1_1Aspectosdemogrficos_Informacincensal,DHBEvolucinTemporal,1.1 Aspectos demogr├íficos_Informaci├│n censal.twb,DATOS_ADMIN_SM,federated.0qiz8oi1sb3cd813zi06q01yhyh5,[p_ver_graficos_cruces_relevantes (copy)_54254335887020034],p_ver_graficos_dist_territorial,boolean,measure,nominal,,,,list,tableau,false,[]
1_1Aspectosdemogrficos_Informacincensal,DHBEvolucinTemporal,1.1 Aspectos demogr├íficos_Informaci├│n censal.twb,DATOS_ADMIN_SM,federated.0qiz8oi1sb3cd813zi06q01yhyh5,[p_ver_graficos_dist_territorial (copy)_54254335887122435],p_ver_graficos_evol_temporal,boolean,measure,nominal,,,,list,tableau,false,[]
2_1aTasasdepobreza,DHBEvolucinTemporal,2.1a Tasas de pobreza.twb,Parameters,Parameters,[Gráfico seleccionado (copia)_541839333440561152],p_grafico_cruces_relevantes,string,measure,nominal,,,,list,tableau,"""Barras y tabla""","[{""value"": ""\""Barras\""""}, {""value"": ""\""Tabla\""""}, {""value"": ""\""Barras y tabla\""""}]"
2_1aTasasdepobreza,DHBEvolucinTemporal,2.1a Tasas de pobreza.twb,Parameters,Parameters,[Parametro gráfico (copia)_541839334149496838],p_seccion,string,measure,nominal,,,,list,tableau,"""Situación General""",[]
2_1aTasasdepobreza,DHBEvolucinTemporal,2.1a Tasas de pobreza.twb,Parameters,Parameters,[Parámetro 1],p_grafico,string,measure,nominal,,,,list,tableau,"""Evolución temporal""","[{""value"": ""\""Evolución temporal\""""}, {""value"": ""\""Distribución territorial\""""}, {""value"": ""\""Cruces relevantes\""""}, {""value"": ""\""Características\""""}]"
2_1aTasasdepobreza,DHBEvolucinTemporal,2.1a Tasas de pobreza.twb,Parameters,Parameters,[Parámetro 2],p_tablero,string,measure,nominal,,,,list,tableau,"""2.1a. Pobreza monetaria. Tasa de pobreza e indigencia""",[]
2_1aTasasdepobreza,DHBEvolucinTemporal,2.1a Tasas de pobreza.twb,Parameters,Parameters,[Parámetro 3],p_codigo_indicador,string,measure,nominal,,,,any,tableau,"""""",[]
2_1aTasasdepobreza,DHBEvolucinTemporal,2.1a Tasas de pobreza.twb,Parameters,Parameters,[p_grafico (copia)],p_mostrar_indicadores,boolean,measure,nominal,,,,list,tableau,false,"[{""value"": ""true""}, {""value"": ""false""}]"
2_1aTasasdepobreza,DHBEvolucinTemporal,2.1a Tasas de pobreza.twb,Parameters,Parameters,[p_grafico_apertura_grupo (copia)_1886797147614048275],p_grafico_caracteristicas,string,measure,nominal,,,,list,tableau,"""Todos""","[{""value"": ""\""Jerarquía\""""}, {""value"": ""\""Torta\""""}, {""value"": ""\""Barras\""""}, {""value"": ""\""Todos\""""}]"
2_1aTasasdepobreza,DHBEvolucinTemporal,2.1a Tasas de pobreza.twb,Parameters,Parameters,[p_mostrar_indicadores (copy)_4723009404655562774],p_ver_graficos_caracteristicas,boolean,measure,nominal,,,,list,tableau,false,"[{""value"": ""true""}, {""value"": ""false""}]"
2_1aTasasdepobreza,DHBEvolucinTemporal,2.1a Tasas de pobreza.twb,Parameters,Parameters,[p_ver_graficos_caracteristicas (copy)_54254335857623040],p_ver_graficos_cruces_relevantes,boolean,measure,nominal,,,,list,tableau,false,"[{""value"": ""true""}, {""value"": ""false""}]"
2_1aTasasdepobreza,DHBEvolucinTemporal,2.1a Tasas de pobreza.twb,Parameters,Parameters,[p_ver_graficos_cruces_relevantes (copy)_54254335887020034],p_ver_graficos_dist_territorial,boolean,measure,nominal,,,,list,tableau,false,"[{""value"": ""true""}, {""value"": ""false""}]"
2_1aTasasdepobreza,DHBEvolucinTemporal,2.1a Tasas de pobreza.twb,Parameters,Parameters,[p_ver_graficos_dist_territorial (copy)_54254335887122435],p_ver_graficos_evol_temporal,boolean,measure,nominal,,,,list,tableau,false,"[{""value"": ""true""}, {""value"": ""false""}]"
2_1aTasasdepobreza,DHBEvolucinTemporal,2.1a Tasas de pobreza.twb,DATOS_ADMIN_SM,federated.0qiz8oi1sb3cd813zi06q01yhyh5,[Gráfico seleccionado (copia)_541839333440561152],p_grafico_cruces_relevantes,string,measure,nominal,,,,list,tableau,"""Barras y tabla""",[]
2_1aTasasdepobreza,DHBEvolucinTemporal,2.1a Tasas de pobreza.twb,DATOS_ADMIN_SM,federated.0qiz8oi1sb3cd813zi06q01yhyh5,[Parametro gráfico (copia)_541839334149496838],p_seccion,string,measure,nominal,,,,list,tableau,"""Situación General""",[]
2_1aTasasdepobreza,DHBEvolucinTemporal,2.1a Tasas de pobreza.twb,DATOS_ADMIN_SM,federated.0qiz8oi1sb3cd813zi06q01yhyh5,[Parámetro 1],p_grafico,string,measure,nominal,,,,list,tableau,"""Evolución temporal""",[]
2_1aTasasdepobreza,DHBEvolucinTemporal,2.1a Tasas de pobreza.twb,DATOS_ADMIN_SM,federated.0qiz8oi1sb3cd813zi06q01yhyh5,[Parámetro 2],p_tablero,string,measure,nominal,,,,list,tableau,"""2.1a. Pobreza monetaria. Tasa de pobreza e indigencia""",[]
2_1aTasasdepobreza,DHBEvolucinTemporal,2.1a Tasas de pobreza.twb,DATOS_ADMIN_SM,federated.0qiz8oi1sb3cd813zi06q01yhyh5,[p_grafico (copia)],p_mostrar_indicadores,boolean,measure,nominal,,,,list,tableau,false,[]
2_1aTasasdepobreza,DHBEvolucinTemporal,2.1a Tasas de pobreza.twb,DATOS_ADMIN_SM,federated.0qiz8oi1sb3cd813zi06q01yhyh5,[p_grafico_apertura_grupo (copia)_1886797147614048275],p_grafico_caracteristicas,string,measure,nominal,,,,list,tableau,"""Todos""",[]
2_1aTasasdepobreza,DHBEvolucinTemporal,2.1a Tasas de pobreza.twb,DATOS_ADMIN_SM,federated.0qiz8oi1sb3cd813zi06q01yhyh5,[p_mostrar_indicadores (copy)_4723009404655562774],p_ver_graficos_caracteristicas,boolean,measure,nominal,,,,list,tableau,false,[]
2_1aTasasdepobreza,DHBEvolucinTemporal,2.1a Tasas de pobreza.twb,DATOS_ADMIN_SM,federated.0qiz8oi1sb3cd813zi06q01yhyh5,[p_ver_graficos_caracteristicas (copy)_54254335857623040],p_ver_graficos_cruces_relevantes,boolean,measure,nominal,,,,list,tableau,false,[]
2_1aTasasdepobreza,DHBEvolucinTemporal,2.1a Tasas de pobreza.twb,DATOS_ADMIN_SM,federated.0qiz8oi1sb3cd813zi06q01yhyh5,[p_ver_graficos_cruces_relevantes (copy)_54254335887020034],p_ver_graficos_dist_territorial,boolean,measure,nominal,,,,list,tableau,false,[]
2_1aTasasdepobreza,DHBEvolucinTemporal,2.1a Tasas de pobreza.twb,DATOS_ADMIN_SM,federated.0qiz8oi1sb3cd813zi06q01yhyh5,[p_ver_graficos_dist_territorial (copy)_54254335887122435],p_ver_graficos_evol_temporal,boolean,measure,nominal,,,,list,tableau,false,[]
3_3dMatrculaECNivelSecundario,DHBEvolucinTemporal,3.3d Matr├¡cula EC Nivel secundario.twb,Parameters,Parameters,[Gráfico seleccionado (copia)_541839333440561152],p_grafico_cruces_relevantes,string,measure,nominal,,,,list,tableau,"""Barras y tabla""","[{""value"": ""\""Barras\""""}, {""value"": ""\""Tabla\""""}, {""value"": ""\""Barras y tabla\""""}]"
3_3dMatrculaECNivelSecundario,DHBEvolucinTemporal,3.3d Matr├¡cula EC Nivel secundario.twb,Parameters,Parameters,[Parametro gráfico (copia)_541839334149496838],p_seccion,string,measure,nominal,,,,list,tableau,"""Situación General""",[]
3_3dMatrculaECNivelSecundario,DHBEvolucinTemporal,3.3d Matr├¡cula EC Nivel secundario.twb,Parameters,Parameters,[Parámetro 1],p_grafico,string,measure,nominal,,,,list,tableau,"""Evolución temporal""","[{""value"": ""\""Evolución temporal\""""}, {""value"": ""\""Distribución territorial\""""}, {""value"": ""\""Cruces relevantes\""""}, {""value"": ""\""Características\""""}]"
3_3dMatrculaECNivelSecundario,DHBEvolucinTemporal,3.3d Matr├¡cula EC Nivel secundario.twb,Parameters,Parameters,[Parámetro 2],p_tablero,string,measure,nominal,,,,list,tableau,"""3.3d. Matrícula de la Educación común. Nivel secundario""",[]
3_3dMatrculaECNivelSecundario,DHBEvolucinTemporal,3.3d Matr├¡cula EC Nivel secundario.twb,Parameters,Parameters,[Parámetro 3],p_codigo_indicador,string,measure,nominal,,,,any,tableau,"""""",[]
3_3dMatrculaECNivelSecundario,DHBEvolucinTemporal,3.3d Matr├¡cula EC Nivel secundario.twb,Parameters,Parameters,[p_grafico (copia)],p_mostrar_indicadores,boolean,measure,nominal,,,,list,tableau,false,"[{""value"": ""true""}, {""value"": ""false""}]"
3_3dMatrculaECNivelSecundario,DHBEvolucinTemporal,3.3d Matr├¡cula EC Nivel secundario.twb,Parameters,Parameters,[p_grafico_apertura_grupo (copia)_1886797147614048275],p_grafico_caracteristicas,string,measure,nominal,,,,list,tableau,"""Todos""","[{""value"": ""\""Jerarquía\""""}, {""value"": ""\""Torta\""""}, {""value"": ""\""Barras\""""}, {""value"": ""\""Todos\""""}]"
3_3dMatrculaECNivelSecundario,DHBEvolucinTemporal,3.3d Matr├¡cula EC Nivel secundario.twb,Parameters,Parameters,[p_mostrar_indicadores (copy)_4723009404655562774],p_ver_graficos_caracteristicas,boolean,measure,nominal,,,,list,tableau,false,"[{""value"": ""true""}, {""value"": ""false""}]"
3_3dMatrculaECNivelSecundario,DHBEvolucinTemporal,3.3d Matr├¡cula EC Nivel secundario.twb,Parameters,Parameters,[p_ver_graficos_caracteristicas (copy)_54254335857623040],p_ver_graficos_cruces_relevantes,boolean,measure,nominal,,,,list,tableau,false,"[{""value"": ""true""}, {""value"": ""false""}]"
3_3dMatrculaECNivelSecundario,DHBEvolucinTemporal,3.3d Matr├¡cula EC Nivel secundario.twb,Parameters,Parameters,[p_ver_graficos_cruces_relevantes (copy)_54254335887020034],p_ver_graficos_dist_territorial,boolean,measure,nominal,,,,list,tableau,false,"[{""value"": ""true""}, {""value"": ""false""}]"
3_3dMatrculaECNivelSecundario,DHBEvolucinTemporal,3.3d Matr├¡cula EC Nivel secundario.twb,Parameters,Parameters,[p_ver_graficos_dist_territorial (copy)_54254335887122435],p_ver_graficos_evol_temporal,boolean,measure,nominal,,,,list,tableau,false,"[{""value"": ""true""}, {""value"": ""false""}]"
3_3dMatrculaECNivelSecundario,DHBEvolucinTemporal,3.3d Matr├¡cula EC Nivel secundario.twb,DATOS_ADMIN_SM,federated.0qiz8oi1sb3cd813zi06q01yhyh5,[Gráfico seleccionado (copia)_541839333440561152],p_grafico_cruces_relevantes,string,measure,nominal,,,,list,tableau,"""Barras y tabla""",[]
3_3dMatrculaECNivelSecundario,DHBEvolucinTemporal,3.3d Matr├¡cula EC Nivel secundario.twb,DATOS_ADMIN_SM,federated.0qiz8oi1sb3cd813zi06q01yhyh5,[Parametro gráfico (copia)_541839334149496838],p_seccion,string,measure,nominal,,,,list,tableau,"""Situación General""",[]
3_3dMatrculaECNivelSecundario,DHBEvolucinTemporal,3.3d Matr├¡cula EC Nivel secundario.twb,DATOS_ADMIN_SM,federated.0qiz8oi1sb3cd813zi06q01yhyh5,[Parámetro 1],p_grafico,string,measure,nominal,,,,list,tableau,"""Evolución temporal""",[]
3_3dMatrculaECNivelSecundario,DHBEvolucinTemporal,3.3d Matr├¡cula EC Nivel secundario.twb,DATOS_ADMIN_SM,federated.0qiz8oi1sb3cd813zi06q01yhyh5,[Parámetro 2],p_tablero,string,measure,nominal,,,,list,tableau,"""3.3d. Matrícula de la Educación común. Nivel secundario""",[]
3_3dMatrculaECNivelSecundario,DHBEvolucinTemporal,3.3d Matr├¡cula EC Nivel secundario.twb,DATOS_ADMIN_SM,federated.0qiz8oi1sb3cd813zi06q01yhyh5,[p_grafico (copia)],p_mostrar_indicadores,boolean,measure,nominal,,,,list,tableau,false,[]
3_3dMatrculaECNivelSecundario,DHBEvolucinTemporal,3.3d Matr├¡cula EC Nivel secundario.twb,DATOS_ADMIN_SM,federated.0qiz8oi1sb3cd813zi06q01yhyh5,[p_grafico_apertura_grupo (copia)_1886797147614048275],p_grafico_caracteristicas,string,measure,nominal,,,,list,tableau,"""Todos""",[]
3_3dMatrculaECNivelSecundario,DHBEvolucinTemporal,3.3d Matr├¡cula EC Nivel secundario.twb,DATOS_ADMIN_SM,federated.0qiz8oi1sb3cd813zi06q01yhyh5,[p_mostrar_indicadores (copy)_4723009404655562774],p_ver_graficos_caracteristicas,boolean,measure,nominal,,,,list,tableau,false,[]
3_3dMatrculaECNivelSecundario,DHBEvolucinTemporal,3.3d Matr├¡cula EC Nivel secundario.twb,DATOS_ADMIN_SM,federated.0qiz8oi1sb3cd813zi06q01yhyh5,[p_ver_graficos_caracteristicas (copy)_54254335857623040],p_ver_graficos_cruces_relevantes,boolean,measure,nominal,,,,list,tableau,false,[]
3_3dMatrculaECNivelSecundario,DHBEvolucinTemporal,3.3d Matr├¡cula EC Nivel secundario.twb,DATOS_ADMIN_SM,federated.0qiz8oi1sb3cd813zi06q01yhyh5,[p_ver_graficos_cruces_relevantes (copy)_54254335887020034],p_ver_graficos_dist_territorial,boolean,measure,nominal,,,,list,tableau,false,[]
3_3dMatrculaECNivelSecundario,DHBEvolucinTemporal,3.3d Matr├¡cula EC Nivel secundario.twb,DATOS_ADMIN_SM,federated.0qiz8oi1sb3cd813zi06q01yhyh5,[p_ver_graficos_dist_territorial (copy)_54254335887122435],p_ver_graficos_evol_temporal,boolean,measure,nominal,,,,list,tableau,false,[]
4_2aNatalidad,DHBEvolucinTemporal,4.2a Natalidad.twb,Parameters,Parameters,[Gráfico seleccionado (copia)_541839333440561152],p_grafico_cruces_relevantes,string,measure,nominal,,,,list,tableau,"""Barras y tabla""","[{""value"": ""\""Barras\""""}, {""value"": ""\""Tabla\""""}, {""value"": ""\""Barras y tabla\""""}]"
4_2aNatalidad,DHBEvolucinTemporal,4.2a Natalidad.twb,Parameters,Parameters,[Parametro gráfico (copia)_541839334149496838],p_seccion,string,measure,nominal,,,,list,tableau,"""Situación General""",[]
4_2aNatalidad,DHBEvolucinTemporal,4.2a Natalidad.twb,Parameters,Parameters,[Parámetro 1],p_grafico,string,measure,nominal,,,,list,tableau,"""Evolución temporal""","[{""value"": ""\""Evolución temporal\""""}, {""value"": ""\""Distribución territorial\""""}, {""value"": ""\""Cruces relevantes\""""}, {""value"": ""\""Características\""""}]"
4_2aNatalidad,DHBEvolucinTemporal,4.2a Natalidad.twb,Parameters,Parameters,[Parámetro 2],p_tablero,string,measure,nominal,,,,list,tableau,"""4.2a. Natalidad y salud en el primer año de vida. Natalidad""",[]
4_2aNatalidad,DHBEvolucinTemporal,4.2a Natalidad.twb,Parameters,Parameters,[Parámetro 3],p_codigo_indicador,string,measure,nominal,,,,any,tableau,"""""",[]
4_2aNatalidad,DHBEvolucinTemporal,4.2a Natalidad.twb,Parameters,Parameters,[p_grafico (copia)],p_mostrar_indicadores,boolean,measure,nominal,,,,list,tableau,false,"[{""value"": ""true""}, {""value"": ""false""}]"
4_2aNatalidad,DHBEvolucinTemporal,4.2a Natalidad.twb,Parameters,Parameters,[p_grafico_apertura_grupo (copia)_1886797147614048275],p_grafico_caracteristicas,string,measure,nominal,,,,list,tableau,"""Todos""","[{""value"": ""\""Jerarquía\""""}, {""value"": ""\""Torta\""""}, {""value"": ""\""Barras\""""}, {""value"": ""\""Todos\""""}]"
4_2aNatalidad,DHBEvolucinTemporal,4.2a Natalidad.twb,Parameters,Parameters,[p_mostrar_indicadores (copy)_4723009404655562774],p_ver_graficos_caracteristicas,boolean,measure,nominal,,,,list,tableau,false,"[{""value"": ""true""}, {""value"": ""false""}]"
4_2aNatalidad,DHBEvolucinTemporal,4.2a Natalidad.twb,Parameters,Parameters,[p_ver_graficos_caracteristicas (copy)_54254335857623040],p_ver_graficos_cruces_relevantes,boolean,measure,nominal,,,,list,tableau,false,"[{""value"": ""true""}, {""value"": ""false""}]"
4_2aNatalidad,DHBEvolucinTemporal,4.2a Natalidad.twb,Parameters,Parameters,[p_ver_graficos_cruces_relevantes (copy)_54254335887020034],p_ver_graficos_dist_territorial,boolean,measure,nominal,,,,list,tableau,false,"[{""value"": ""true""}, {""value"": ""false""}]"
4_2aNatalidad,DHBEvolucinTemporal,4.2a Natalidad.twb,Parameters,Parameters,[p_ver_graficos_dist_territorial (copy)_54254335887122435],p_ver_graficos_evol_temporal,boolean,measure,nominal,,,,list,tableau,false,"[{""value"": ""true""}, {""value"": ""false""}]"
4_2aNatalidad,DHBEvolucinTemporal,4.2a Natalidad.twb,DATOS_ADMIN_SM,federated.0qiz8oi1sb3cd813zi06q01yhyh5,[Gráfico seleccionado (copia)_541839333440561152],p_grafico_cruces_relevantes,string,measure,nominal,,,,list,tableau,"""Barras y tabla""",[]
4_2aNatalidad,DHBEvolucinTemporal,4.2a Natalidad.twb,DATOS_ADMIN_SM,federated.0qiz8oi1sb3cd813zi06q01yhyh5,[Parametro gráfico (copia)_541839334149496838],p_seccion,string,measure,nominal,,,,list,tableau,"""Situación General""",[]
4_2aNatalidad,DHBEvolucinTemporal,4.2a Natalidad.twb,DATOS_ADMIN_SM,federated.0qiz8oi1sb3cd813zi06q01yhyh5,[Parámetro 1],p_grafico,string,measure,nominal,,,,list,tableau,"""Evolución temporal""",[]
4_2aNatalidad,DHBEvolucinTemporal,4.2a Natalidad.twb,DATOS_ADMIN_SM,federated.0qiz8oi1sb3cd813zi06q01yhyh5,[Parámetro 2],p_tablero,string,measure,nominal,,,,list,tableau,"""4.2a. Natalidad y salud en el primer año de vida. Natalidad""",[]
4_2aNatalidad,DHBEvolucinTemporal,4.2a Natalidad.twb,DATOS_ADMIN_SM,federated.0qiz8oi1sb3cd813zi06q01yhyh5,[p_grafico (copia)],p_mostrar_indicadores,boolean,measure,nominal,,,,list,tableau,false,[]
4_2aNatalidad,DHBEvolucinTemporal,4.2a Natalidad.twb,DATOS_ADMIN_SM,federated.0qiz8oi1sb3cd813zi06q01yhyh5,[p_grafico_apertura_grupo (copia)_1886797147614048275],p_grafico_caracteristicas,string,measure,nominal,,,,list,tableau,"""Todos""",[]
4_2aNatalidad,DHBEvolucinTemporal,4.2a Natalidad.twb,DATOS_ADMIN_SM,federated.0qiz8oi1sb3cd813zi06q01yhyh5,[p_mostrar_indicadores (copy)_4723009404655562774],p_ver_graficos_caracteristicas,boolean,measure,nominal,,,,list,tableau,false,[]
4_2aNatalidad,DHBEvolucinTemporal,4.2a Natalidad.twb,DATOS_ADMIN_SM,federated.0qiz8oi1sb3cd813zi06q01yhyh5,[p_ver_graficos_caracteristicas (copy)_54254335857623040],p_ver_graficos_cruces_relevantes,boolean,measure,nominal,,,,list,tableau,false,[]
4_2aNatalidad,DHBEvolucinTemporal,4.2a Natalidad.twb,DATOS_ADMIN_SM,federated.0qiz8oi1sb3cd813zi06q01yhyh5,[p_ver_graficos_cruces_relevantes (copy)_54254335887020034],p_ver_graficos_dist_territorial,boolean,measure,nominal,,,,list,tableau,false,[]
4_2aNatalidad,DHBEvolucinTemporal,4.2a Natalidad.twb,DATOS_ADMIN_SM,federated.0qiz8oi1sb3cd813zi06q01yhyh5,[p_ver_graficos_dist_territorial (copy)_54254335887122435],p_ver_graficos_evol_temporal,boolean,measure,nominal,,,,list,tableau,false,[]
5_4aJusticiajuvenilAdolescentesyjvenes,DHBEvolucinTemporal,5.4a Justicia juvenil Adolescentes y j├│venes.twb,Parameters,Parameters,[Gráfico seleccionado (copia)_541839333440561152],p_grafico_cruces_relevantes,string,measure,nominal,,,,list,tableau,"""Barras y tabla""","[{""value"": ""\""Barras\""""}, {""value"": ""\""Tabla\""""}, {""value"": ""\""Barras y tabla\""""}]"
5_4aJusticiajuvenilAdolescentesyjvenes,DHBEvolucinTemporal,5.4a Justicia juvenil Adolescentes y j├│venes.twb,Parameters,Parameters,[Parametro gráfico (copia)_541839334149496838],p_seccion,string,measure,nominal,,,,list,tableau,"""Situación General""",[]
5_4aJusticiajuvenilAdolescentesyjvenes,DHBEvolucinTemporal,5.4a Justicia juvenil Adolescentes y j├│venes.twb,Parameters,Parameters,[Parámetro 1],p_grafico,string,measure,nominal,,,,list,tableau,"""Evolución temporal""","[{""value"": ""\""Evolución temporal\""""}, {""value"": ""\""Distribución territorial\""""}, {""value"": ""\""Cruces relevantes\""""}, {""value"": ""\""Características\""""}]"
5_4aJusticiajuvenilAdolescentesyjvenes,DHBEvolucinTemporal,5.4a Justicia juvenil Adolescentes y j├│venes.twb,Parameters,Parameters,[Parámetro 2],p_tablero,string,measure,nominal,,,,list,tableau,"""5.4a. Justicia juvenil. Adolescentes y jóvenes en dispositivos penales.""",[]
5_4aJusticiajuvenilAdolescentesyjvenes,DHBEvolucinTemporal,5.4a Justicia juvenil Adolescentes y j├│venes.twb,Parameters,Parameters,[Parámetro 3],p_codigo_indicador,string,measure,nominal,,,,any,tableau,"""""",[]
5_4aJusticiajuvenilAdolescentesyjvenes,DHBEvolucinTemporal,5.4a Justicia juvenil Adolescentes y j├│venes.twb,Parameters,Parameters,[p_grafico (copia)],p_mostrar_indicadores,boolean,measure,nominal,,,,list,tableau,false,"[{""value"": ""true""}, {""value"": ""false""}]"
5_4aJusticiajuvenilAdolescentesyjvenes,DHBEvolucinTemporal,5.4a Justicia juvenil Adolescentes y j├│venes.twb,Parameters,Parameters,[p_grafico_apertura_grupo (copia)_1886797147614048275],p_grafico_caracteristicas,string,measure,nominal,,,,list,tableau,"""Todos""","[{""value"": ""\""Jerarquía\""""}, {""value"": ""\""Torta\""""}, {""value"": ""\""Barras\""""}, {""value"": ""\""Todos\""""}]"
5_4aJusticiajuvenilAdolescentesyjvenes,DHBEvolucinTemporal,5.4a Justicia juvenil Adolescentes y j├│venes.twb,Parameters,Parameters,[p_mostrar_indicadores (copy)_4723009404655562774],p_ver_graficos_caracteristicas,boolean,measure,nominal,,,,list,tableau,false,"[{""value"": ""true""}, {""value"": ""false""}]"
5_4aJusticiajuvenilAdolescentesyjvenes,DHBEvolucinTemporal,5.4a Justicia juvenil Adolescentes y j├│venes.twb,Parameters,Parameters,[p_ver_graficos_caracteristicas (copy)_54254335857623040],p_ver_graficos_cruces_relevantes,boolean,measure,nominal,,,,list,tableau,false,"[{""value"": ""true""}, {""value"": ""false""}]"
5_4aJusticiajuvenilAdolescentesyjvenes,DHBEvolucinTemporal,5.4a Justicia juvenil Adolescentes y j├│venes.twb,Parameters,Parameters,[p_ver_graficos_cruces_relevantes (copy)_54254335887020034],p_ver_graficos_dist_territorial,boolean,measure,nominal,,,,list,tableau,false,"[{""value"": ""true""}, {""value"": ""false""}]"
5_4aJusticiajuvenilAdolescentesyjvenes,DHBEvolucinTemporal,5.4a Justicia juvenil Adolescentes y j├│venes.twb,Parameters,Parameters,[p_ver_graficos_dist_territorial (copy)_54254335887122435],p_ver_graficos_evol_temporal,boolean,measure,nominal,,,,list,tableau,false,"[{""value"": ""true""}, {""value"": ""false""}]"
5_4aJusticiajuvenilAdolescentesyjvenes,DHBEvolucinTemporal,5.4a Justicia juvenil Adolescentes y j├│venes.twb,DATOS_ADMIN_SM,federated.0qiz8oi1sb3cd813zi06q01yhyh5,[Gráfico seleccionado (copia)_541839333440561152],p_grafico_cruces_relevantes,string,measure,nominal,,,,list,tableau,"""Barras y tabla""",[]
5_4aJusticiajuvenilAdolescentesyjvenes,DHBEvolucinTemporal,5.4a Justicia juvenil Adolescentes y j├│venes.twb,DATOS_ADMIN_SM,federated.0qiz8oi1sb3cd813zi06q01yhyh5,[Parametro gráfico (copia)_541839334149496838],p_seccion,string,measure,nominal,,,,list,tableau,"""Situación General""",[]
5_4aJusticiajuvenilAdolescentesyjvenes,DHBEvolucinTemporal,5.4a Justicia juvenil Adolescentes y j├│venes.twb,DATOS_ADMIN_SM,federated.0qiz8oi1sb3cd813zi06q01yhyh5,[Parámetro 1],p_grafico,string,measure,nominal,,,,list,tableau,"""Evolución temporal""",[]
5_4aJusticiajuvenilAdolescentesyjvenes,DHBEvolucinTemporal,5.4a Justicia juvenil Adolescentes y j├│venes.twb,DATOS_ADMIN_SM,federated.0qiz8oi1sb3cd813zi06q01yhyh5,[Parámetro 2],p_tablero,string,measure,nominal,,,,list,tableau,"""5.4a. Justicia juvenil. Adolescentes y jóvenes en dispositivos penales.""",[]
5_4aJusticiajuvenilAdolescentesyjvenes,DHBEvolucinTemporal,5.4a Justicia juvenil Adolescentes y j├│venes.twb,DATOS_ADMIN_SM,federated.0qiz8oi1sb3cd813zi06q01yhyh5,[p_grafico (copia)],p_mostrar_indicadores,boolean,measure,nominal,,,,list,tableau,false,[]
5_4aJusticiajuvenilAdolescentesyjvenes,DHBEvolucinTemporal,5.4a Justicia juvenil Adolescentes y j├│venes.twb,DATOS_ADMIN_SM,federated.0qiz8oi1sb3cd813zi06q01yhyh5,[p_grafico_apertura_grupo (copia)_1886797147614048275],p_grafico_caracteristicas,string,measure,nominal,,,,list,tableau,"""Todos""",[]
5_4aJusticiajuvenilAdolescentesyjvenes,DHBEvolucinTemporal,5.4a Justicia juvenil Adolescentes y j├│venes.twb,DATOS_ADMIN_SM,federated.0qiz8oi1sb3cd813zi06q01yhyh5,[p_mostrar_indicadores (copy)_4723009404655562774],p_ver_graficos_caracteristicas,boolean,measure,nominal,,,,list,tableau,false,[]
5_4aJusticiajuvenilAdolescentesyjvenes,DHBEvolucinTemporal,5.4a Justicia juvenil Adolescentes y j├│venes.twb,DATOS_ADMIN_SM,federated.0qiz8oi1sb3cd813zi06q01yhyh5,[p_ver_graficos_caracteristicas (copy)_54254335857623040],p_ver_graficos_cruces_relevantes,boolean,measure,nominal,,,,list,tableau,false,[]
5_4aJusticiajuvenilAdolescentesyjvenes,DHBEvolucinTemporal,5.4a Justicia juvenil Adolescentes y j├│venes.twb,DATOS_ADMIN_SM,federated.0qiz8oi1sb3cd813zi06q01yhyh5,[p_ver_graficos_cruces_relevantes (copy)_54254335887020034],p_ver_graficos_dist_territorial,boolean,measure,nominal,,,,list,tableau,false,[]
5_4aJusticiajuvenilAdolescentesyjvenes,DHBEvolucinTemporal,5.4a Justicia juvenil Adolescentes y j├│venes.twb,DATOS_ADMIN_SM,federated.0qiz8oi1sb3cd813zi06q01yhyh5,[p_ver_graficos_dist_territorial (copy)_54254335887122435],p_ver_graficos_evol_temporal,boolean,measure,nominal,,,,list,tableau,false,[]
