workbook,requested_view,twb_file,datasource,attr_type,attr_connection,attr_name,attr_table
1_1Aspectosdemogrficos_Informacincensal,DHBEvolucinTemporal,1.1 Aspectos demogr├íficos_Informaci├│n censal.twb,DATOS_ADMIN_SM,collection,,,
1_1Aspectosdemogrficos_Informacincensal,DHBEvolucinTemporal,1.1 Aspectos demogr├íficos_Informaci├│n censal.twb,DATOS_ADMIN_SM,table,excel-direct.0xx2jmm0u5b4og1ftopil1vllq5l,Datos,[Datos$]
1_1Aspectosdemogrficos_Informacincensal,DHBEvolucinTemporal,1.1 Aspectos demogr├íficos_Informaci├│n censal.twb,DATOS_ADMIN_SM,table,excel-direct.0xx2jmm0u5b4og1ftopil1vllq5l,Grupos Indicadores,['Grupos Indicadores$']
1_1Aspectosdemogrficos_Informacincensal,DHBEvolucinTemporal,1.1 Aspectos demogr├íficos_Informaci├│n censal.twb,DATOS_ADMIN_SM,table,excel-direct.0xx2jmm0u5b4og1ftopil1vllq5l,Indicadores,[Indicadores$]
1_1Aspectosdemogrficos_Informacincensal,DHBEvolucinTemporal,1.1 Aspectos demogr├íficos_Informaci├│n censal.twb,DATOS_ADMIN_SM,table,excel-direct.0xx2jmm0u5b4og1ftopil1vllq5l,Tableros,[Tableros$]
1_1Aspectosdemogrficos_Informacincensal,DHBEvolucinTemporal,1.1 Aspectos demogr├íficos_Informaci├│n censal.twb,DATOS_ADMIN_SM,table,excel-direct.0xx2jmm0u5b4og1ftopil1vllq5l,Configuracion,[Configuracion$]
1_1Aspectosdemogrficos_Informacincensal,DHBEvolucinTemporal,1.1 Aspectos demogr├íficos_Informaci├│n censal.twb,DATOS_ADMIN_SM,table,excel-direct.0xx2jmm0u5b4og1ftopil1vllq5l,Temas,[Temas$]
1_1Aspectosdemogrficos_Informacincensal,DHBEvolucinTemporal,1.1 Aspectos demogr├íficos_Informaci├│n censal.twb,DATOS_ADMIN_SM,table,ogrdirect.15mp5m7082w51815yot5x0ebesq2,provincia.shp,[provincia.shp]
1_1Aspectosdemogrficos_Informacincensal,DHBEvolucinTemporal,1.1 Aspectos demogr├íficos_Informaci├│n censal.twb,DATOS_ADMIN_SM,collection,,,
1_1Aspectosdemogrficos_Informacincensal,DHBEvolucinTemporal,1.1 Aspectos demogr├íficos_Informaci├│n censal.twb,DATOS_ADMIN_SM,table,,Datos_E76A2789C0C0403C8522440D998704F2,[Extract].[Datos_E76A2789C0C0403C8522440D998704F2]
1_1Aspectosdemogrficos_Informacincensal,DHBEvolucinTemporal,1.1 Aspectos demogr├íficos_Informaci├│n censal.twb,DATOS_ADMIN_SM,table,,Grupos Indicadores_80F403D81C66448DB95D3484EA9601FB,[Extract].[Grupos Indicadores_80F403D81C66448DB95D3484EA9601FB]
1_1Aspectosdemogrficos_Informacincensal,DHBEvolucinTemporal,1.1 Aspectos demogr├íficos_Informaci├│n censal.twb,DATOS_ADMIN_SM,table,,Indicadores_F269C9F3A1A74D299CBC3D2526527AB4,[Extract].[Indicadores_F269C9F3A1A74D299CBC3D2526527AB4]
1_1Aspectosdemogrficos_Informacincensal,DHBEvolucinTemporal,1.1 Aspectos demogr├íficos_Informaci├│n censal.twb,DATOS_ADMIN_SM,table,,Tableros_4B7E936B713A46E09A688BE3B557C7FB,[Extract].[Tableros_4B7E936B713A46E09A688BE3B557C7FB]
1_1Aspectosdemogrficos_Informacincensal,DHBEvolucinTemporal,1.1 Aspectos demogr├íficos_Informaci├│n censal.twb,DATOS_ADMIN_SM,table,,Configuracion_70F75B593A84437096A6459916C3B121,[Extract].[Configuracion_70F75B593A84437096A6459916C3B121]
1_1Aspectosdemogrficos_Informacincensal,DHBEvolucinTemporal,1.1 Aspectos demogr├íficos_Informaci├│n censal.twb,DATOS_ADMIN_SM,table,,Temas_1EB48C7DA90F40468E6E2140C9DFBF4E,[Extract].[Temas_1EB48C7DA90F40468E6E2140C9DFBF4E]
1_1Aspectosdemogrficos_Informacincensal,DHBEvolucinTemporal,1.1 Aspectos demogr├íficos_Informaci├│n censal.twb,DATOS_ADMIN_SM,table,,provincia.shp_62D62B83F60E430CB2E4544483D1F16A,[Extract].[provincia.shp_62D62B83F60E430CB2E4544483D1F16A]
1_1Aspectosdemogrficos_Informacincensal,DHBEvolucinTemporal,1.1 Aspectos demogr├íficos_Informaci├│n censal.twb,DATOS_ADMIN_SM,table,excel-direct.0xx2jmm0u5b4og1ftopil1vllq5l,Configuracion,[Configuracion$]
1_1Aspectosdemogrficos_Informacincensal,DHBEvolucinTemporal,1.1 Aspectos demogr├íficos_Informaci├│n censal.twb,DATOS_ADMIN_SM,table,,Configuracion_70F75B593A84437096A6459916C3B121,[Extract].[Configuracion_70F75B593A84437096A6459916C3B121]
1_1Aspectosdemogrficos_Informacincensal,DHBEvolucinTemporal,1.1 Aspectos demogr├íficos_Informaci├│n censal.twb,DATOS_ADMIN_SM,table,excel-direct.0xx2jmm0u5b4og1ftopil1vllq5l,Datos,[Datos$]
1_1Aspectosdemogrficos_Informacincensal,DHBEvolucinTemporal,1.1 Aspectos demogr├íficos_Informaci├│n censal.twb,DATOS_ADMIN_SM,table,,Datos_E76A2789C0C0403C8522440D998704F2,[Extract].[Datos_E76A2789C0C0403C8522440D998704F2]
1_1Aspectosdemogrficos_Informacincensal,DHBEvolucinTemporal,1.1 Aspectos demogr├íficos_Informaci├│n censal.twb,DATOS_ADMIN_SM,table,excel-direct.0xx2jmm0u5b4og1ftopil1vllq5l,Grupos Indicadores,['Grupos Indicadores$']
1_1Aspectosdemogrficos_Informacincensal,DHBEvolucinTemporal,1.1 Aspectos demogr├íficos_Informaci├│n censal.twb,DATOS_ADMIN_SM,table,,Grupos Indicadores_80F403D81C66448DB95D3484EA9601FB,[Extract].[Grupos Indicadores_80F403D81C66448DB95D3484EA9601FB]
1_1Aspectosdemogrficos_Informacincensal,DHBEvolucinTemporal,1.1 Aspectos demogr├íficos_Informaci├│n censal.twb,DATOS_ADMIN_SM,table,excel-direct.0xx2jmm0u5b4og1ftopil1vllq5l,Indicadores,[Indicadores$]
1_1Aspectosdemogrficos_Informacincensal,DHBEvolucinTemporal,1.1 Aspectos demogr├íficos_Informaci├│n censal.twb,DATOS_ADMIN_SM,table,,Indicadores_F269C9F3A1A74D299CBC3D2526527AB4,[Extract].[Indicadores_F269C9F3A1A74D299CBC3D2526527AB4]
1_1Aspectosdemogrficos_Informacincensal,DHBEvolucinTemporal,1.1 Aspectos demogr├íficos_Informaci├│n censal.twb,DATOS_ADMIN_SM,table,excel-direct.0xx2jmm0u5b4og1ftopil1vllq5l,Tableros,[Tableros$]
1_1Aspectosdemogrficos_Informacincensal,DHBEvolucinTemporal,1.1 Aspectos demogr├íficos_Informaci├│n censal.twb,DATOS_ADMIN_SM,table,,Tableros_4B7E936B713A46E09A688BE3B557C7FB,[Extract].[Tableros_4B7E936B713A46E09A688BE3B557C7FB]
1_1Aspectosdemogrficos_Informacincensal,DHBEvolucinTemporal,1.1 Aspectos demogr├íficos_Informaci├│n censal.twb,DATOS_ADMIN_SM,table,excel-direct.0xx2jmm0u5b4og1ftopil1vllq5l,Temas,[Temas$]
1_1Aspectosdemogrficos_Informacincensal,DHBEvolucinTemporal,1.1 Aspectos demogr├íficos_Informaci├│n censal.twb,DATOS_ADMIN_SM,table,,Temas_1EB48C7DA90F40468E6E2140C9DFBF4E,[Extract].[Temas_1EB48C7DA90F40468E6E2140C9DFBF4E]
1_1Aspectosdemogrficos_Informacincensal,DHBEvolucinTemporal,1.1 Aspectos demogr├íficos_Informaci├│n censal.twb,DATOS_ADMIN_SM,table,ogrdirect.15mp5m7082w51815yot5x0ebesq2,provincia.shp,[provincia.shp]
1_1Aspectosdemogrficos_Informacincensal,DHBEvolucinTemporal,1.1 Aspectos demogr├íficos_Informaci├│n censal.twb,DATOS_ADMIN_SM,table,,provincia.shp_62D62B83F60E430CB2E4544483D1F16A,[Extract].[provincia.shp_62D62B83F60E430CB2E4544483D1F16A]
2_1aTasasdepobreza,DHBEvolucinTemporal,2.1a Tasas de pobreza.twb,DATOS_ADMIN_SM,collection,,,
2_1aTasasdepobreza,DHBEvolucinTemporal,2.1a Tasas de pobreza.twb,DATOS_ADMIN_SM,table,excel-direct.0xx2jmm0u5b4og1ftopil1vllq5l,Datos,[Datos$]
2_1aTasasdepobreza,DHBEvolucinTemporal,2.1a Tasas de pobreza.twb,DATOS_ADMIN_SM,table,excel-direct.0xx2jmm0u5b4og1ftopil1vllq5l,Grupos Indicadores,['Grupos Indicadores$']
2_1aTasasdepobreza,DHBEvolucinTemporal,2.1a Tasas de pobreza.twb,DATOS_ADMIN_SM,table,excel-direct.0xx2jmm0u5b4og1ftopil1vllq5l,Indicadores,[Indicadores$]
2_1aTasasdepobreza,DHBEvolucinTemporal,2.1a Tasas de pobreza.twb,DATOS_ADMIN_SM,table,excel-direct.0xx2jmm0u5b4og1ftopil1vllq5l,Tableros,[Tableros$]
2_1aTasasdepobreza,DHBEvolucinTemporal,2.1a Tasas de pobreza.twb,DATOS_ADMIN_SM,table,excel-direct.0xx2jmm0u5b4og1ftopil1vllq5l,Configuracion,[Configuracion$]
2_1aTasasdepobreza,DHBEvolucinTemporal,2.1a Tasas de pobreza.twb,DATOS_ADMIN_SM,table,excel-direct.0xx2jmm0u5b4og1ftopil1vllq5l,Temas,[Temas$]
2_1aTasasdepobreza,DHBEvolucinTemporal,2.1a Tasas de pobreza.twb,DATOS_ADMIN_SM,table,ogrdirect.15mp5m7082w51815yot5x0ebesq2,provincia.shp,[provincia.shp]
2_1aTasasdepobreza,DHBEvolucinTemporal,2.1a Tasas de pobreza.twb,DATOS_ADMIN_SM,collection,,,
2_1aTasasdepobreza,DHBEvolucinTemporal,2.1a Tasas de pobreza.twb,DATOS_ADMIN_SM,table,,Datos_E76A2789C0C0403C8522440D998704F2,[Extract].[Datos_E76A2789C0C0403C8522440D998704F2]
2_1aTasasdepobreza,DHBEvolucinTemporal,2.1a Tasas de pobreza.twb,DATOS_ADMIN_SM,table,,Grupos Indicadores_80F403D81C66448DB95D3484EA9601FB,[Extract].[Grupos Indicadores_80F403D81C66448DB95D3484EA9601FB]
2_1aTasasdepobreza,DHBEvolucinTemporal,2.1a Tasas de pobreza.twb,DATOS_ADMIN_SM,table,,Indicadores_F269C9F3A1A74D299CBC3D2526527AB4,[Extract].[Indicadores_F269C9F3A1A74D299CBC3D2526527AB4]
2_1aTasasdepobreza,DHBEvolucinTemporal,2.1a Tasas de pobreza.twb,DATOS_ADMIN_SM,table,,Tableros_4B7E936B713A46E09A688BE3B557C7FB,[Extract].[Tableros_4B7E936B713A46E09A688BE3B557C7FB]
2_1aTasasdepobreza,DHBEvolucinTemporal,2.1a Tasas de pobreza.twb,DATOS_ADMIN_SM,table,,Configuracion_70F75B593A84437096A6459916C3B121,[Extract].[Configuracion_70F75B593A84437096A6459916C3B121]
2_1aTasasdepobreza,DHBEvolucinTemporal,2.1a Tasas de pobreza.twb,DATOS_ADMIN_SM,table,,Temas_1EB48C7DA90F40468E6E2140C9DFBF4E,[Extract].[Temas_1EB48C7DA90F40468E6E2140C9DFBF4E]
2_1aTasasdepobreza,DHBEvolucinTemporal,2.1a Tasas de pobreza.twb,DATOS_ADMIN_SM,table,,provincia.shp_62D62B83F60E430CB2E4544483D1F16A,[Extract].[provincia.shp_62D62B83F60E430CB2E4544483D1F16A]
2_1aTasasdepobreza,DHBEvolucinTemporal,2.1a Tasas de pobreza.twb,DATOS_ADMIN_SM,table,excel-direct.0xx2jmm0u5b4og1ftopil1vllq5l,Configuracion,[Configuracion$]
2_1aTasasdepobreza,DHBEvolucinTemporal,2.1a Tasas de pobreza.twb,DATOS_ADMIN_SM,table,,Configuracion_70F75B593A84437096A6459916C3B121,[Extract].[Configuracion_70F75B593A84437096A6459916C3B121]
2_1aTasasdepobreza,DHBEvolucinTemporal,2.1a Tasas de pobreza.twb,DATOS_ADMIN_SM,table,excel-direct.0xx2jmm0u5b4og1ftopil1vllq5l,Datos,[Datos$]
2_1aTasasdepobreza,DHBEvolucinTemporal,2.1a Tasas de pobreza.twb,DATOS_ADMIN_SM,table,,Datos_E76A2789C0C0403C8522440D998704F2,[Extract].[Datos_E76A2789C0C0403C8522440D998704F2]
2_1aTasasdepobreza,DHBEvolucinTemporal,2.1a Tasas de pobreza.twb,DATOS_ADMIN_SM,table,excel-direct.0xx2jmm0u5b4og1ftopil1vllq5l,Grupos Indicadores,['Grupos Indicadores$']
2_1aTasasdepobreza,DHBEvolucinTemporal,2.1a Tasas de pobreza.twb,DATOS_ADMIN_SM,table,,Grupos Indicadores_80F403D81C66448DB95D3484EA9601FB,[Extract].[Grupos Indicadores_80F403D81C66448DB95D3484EA9601FB]
2_1aTasasdepobreza,DHBEvolucinTemporal,2.1a Tasas de pobreza.twb,DATOS_ADMIN_SM,table,excel-direct.0xx2jmm0u5b4og1ftopil1vllq5l,Indicadores,[Indicadores$]
2_1aTasasdepobreza,DHBEvolucinTemporal,2.1a Tasas de pobreza.twb,DATOS_ADMIN_SM,table,,Indicadores_F269C9F3A1A74D299CBC3D2526527AB4,[Extract].[Indicadores_F269C9F3A1A74D299CBC3D2526527AB4]
2_1aTasasdepobreza,DHBEvolucinTemporal,2.1a Tasas de pobreza.twb,DATOS_ADMIN_SM,table,excel-direct.0xx2jmm0u5b4og1ftopil1vllq5l,Tableros,[Tableros$]
2_1aTasasdepobreza,DHBEvolucinTemporal,2.1a Tasas de pobreza.twb,DATOS_ADMIN_SM,table,,Tableros_4B7E936B713A46E09A688BE3B557C7FB,[Extract].[Tableros_4B7E936B713A46E09A688BE3B557C7FB]
2_1aTasasdepobreza,DHBEvolucinTemporal,2.1a Tasas de pobreza.twb,DATOS_ADMIN_SM,table,excel-direct.0xx2jmm0u5b4og1ftopil1vllq5l,Temas,[Temas$]
2_1aTasasdepobreza,DHBEvolucinTemporal,2.1a Tasas de pobreza.twb,DATOS_ADMIN_SM,table,,Temas_1EB48C7DA90F40468E6E2140C9DFBF4E,[Extract].[Temas_1EB48C7DA90F40468E6E2140C9DFBF4E]
2_1aTasasdepobreza,DHBEvolucinTemporal,2.1a Tasas de pobreza.twb,DATOS_ADMIN_SM,table,ogrdirect.15mp5m7082w51815yot5x0ebesq2,provincia.shp,[provincia.shp]
2_1aTasasdepobreza,DHBEvolucinTemporal,2.1a Tasas de pobreza.twb,DATOS_ADMIN_SM,table,,provincia.shp_62D62B83F60E430CB2E4544483D1F16A,[Extract].[provincia.shp_62D62B83F60E430CB2E4544483D1F16A]
3_3dMatrculaECNivelSecundario,DHBEvolucinTemporal,3.3d Matr├¡cula EC Nivel secundario.twb,DATOS_ADMIN_SM,collection,,,
3_3dMatrculaECNivelSecundario,DHBEvolucinTemporal,3.3d Matr├¡cula EC Nivel secundario.twb,DATOS_ADMIN_SM,table,excel-direct.0xx2jmm0u5b4og1ftopil1vllq5l,Datos,[Datos$]
3_3dMatrculaECNivelSecundario,DHBEvolucinTemporal,3.3d Matr├¡cula EC Nivel secundario.twb,DATOS_ADMIN_SM,table,excel-direct.0xx2jmm0u5b4og1ftopil1vllq5l,Grupos Indicadores,['Grupos Indicadores$']
3_3dMatrculaECNivelSecundario,DHBEvolucinTemporal,3.3d Matr├¡cula EC Nivel secundario.twb,DATOS_ADMIN_SM,table,excel-direct.0xx2jmm0u5b4og1ftopil1vllq5l,Indicadores,[Indicadores$]
3_3dMatrculaECNivelSecundario,DHBEvolucinTemporal,3.3d Matr├¡cula EC Nivel secundario.twb,DATOS_ADMIN_SM,table,excel-direct.0xx2jmm0u5b4og1ftopil1vllq5l,Tableros,[Tableros$]
3_3dMatrculaECNivelSecundario,DHBEvolucinTemporal,3.3d Matr├¡cula EC Nivel secundario.twb,DATOS_ADMIN_SM,table,excel-direct.0xx2jmm0u5b4og1ftopil1vllq5l,Configuracion,[Configuracion$]
3_3dMatrculaECNivelSecundario,DHBEvolucinTemporal,3.3d Matr├¡cula EC Nivel secundario.twb,DATOS_ADMIN_SM,table,excel-direct.0xx2jmm0u5b4og1ftopil1vllq5l,Temas,[Temas$]
3_3dMatrculaECNivelSecundario,DHBEvolucinTemporal,3.3d Matr├¡cula EC Nivel secundario.twb,DATOS_ADMIN_SM,table,ogrdirect.15mp5m7082w51815yot5x0ebesq2,provincia.shp,[provincia.shp]
3_3dMatrculaECNivelSecundario,DHBEvolucinTemporal,3.3d Matr├¡cula EC Nivel secundario.twb,DATOS_ADMIN_SM,collection,,,
3_3dMatrculaECNivelSecundario,DHBEvolucinTemporal,3.3d Matr├¡cula EC Nivel secundario.twb,DATOS_ADMIN_SM,table,,Datos_E76A2789C0C0403C8522440D998704F2,[Extract].[Datos_E76A2789C0C0403C8522440D998704F2]
3_3dMatrculaECNivelSecundario,DHBEvolucinTemporal,3.3d Matr├¡cula EC Nivel secundario.twb,DATOS_ADMIN_SM,table,,Grupos Indicadores_80F403D81C66448DB95D3484EA9601FB,[Extract].[Grupos Indicadores_80F403D81C66448DB95D3484EA9601FB]
3_3dMatrculaECNivelSecundario,DHBEvolucinTemporal,3.3d Matr├¡cula EC Nivel secundario.twb,DATOS_ADMIN_SM,table,,Indicadores_F269C9F3A1A74D299CBC3D2526527AB4,[Extract].[Indicadores_F269C9F3A1A74D299CBC3D2526527AB4]
3_3dMatrculaECNivelSecundario,DHBEvolucinTemporal,3.3d Matr├¡cula EC Nivel secundario.twb,DATOS_ADMIN_SM,table,,Tableros_4B7E936B713A46E09A688BE3B557C7FB,[Extract].[Tableros_4B7E936B713A46E09A688BE3B557C7FB]
3_3dMatrculaECNivelSecundario,DHBEvolucinTemporal,3.3d Matr├¡cula EC Nivel secundario.twb,DATOS_ADMIN_SM,table,,Configuracion_70F75B593A84437096A6459916C3B121,[Extract].[Configuracion_70F75B593A84437096A6459916C3B121]
3_3dMatrculaECNivelSecundario,DHBEvolucinTemporal,3.3d Matr├¡cula EC Nivel secundario.twb,DATOS_ADMIN_SM,table,,Temas_1EB48C7DA90F40468E6E2140C9DFBF4E,[Extract].[Temas_1EB48C7DA90F40468E6E2140C9DFBF4E]
3_3dMatrculaECNivelSecundario,DHBEvolucinTemporal,3.3d Matr├¡cula EC Nivel secundario.twb,DATOS_ADMIN_SM,table,,provincia.shp_62D62B83F60E430CB2E4544483D1F16A,[Extract].[provincia.shp_62D62B83F60E430CB2E4544483D1F16A]
3_3dMatrculaECNivelSecundario,DHBEvolucinTemporal,3.3d Matr├¡cula EC Nivel secundario.twb,DATOS_ADMIN_SM,table,excel-direct.0xx2jmm0u5b4og1ftopil1vllq5l,Configuracion,[Configuracion$]
3_3dMatrculaECNivelSecundario,DHBEvolucinTemporal,3.3d Matr├¡cula EC Nivel secundario.twb,DATOS_ADMIN_SM,table,,Configuracion_70F75B593A84437096A6459916C3B121,[Extract].[Configuracion_70F75B593A84437096A6459916C3B121]
3_3dMatrculaECNivelSecundario,DHBEvolucinTemporal,3.3d Matr├¡cula EC Nivel secundario.twb,DATOS_ADMIN_SM,table,excel-direct.0xx2jmm0u5b4og1ftopil1vllq5l,Datos,[Datos$]
3_3dMatrculaECNivelSecundario,DHBEvolucinTemporal,3.3d Matr├¡cula EC Nivel secundario.twb,DATOS_ADMIN_SM,table,,Datos_E76A2789C0C0403C8522440D998704F2,[Extract].[Datos_E76A2789C0C0403C8522440D998704F2]
3_3dMatrculaECNivelSecundario,DHBEvolucinTemporal,3.3d Matr├¡cula EC Nivel secundario.twb,DATOS_ADMIN_SM,table,excel-direct.0xx2jmm0u5b4og1ftopil1vllq5l,Grupos Indicadores,['Grupos Indicadores$']
3_3dMatrculaECNivelSecundario,DHBEvolucinTemporal,3.3d Matr├¡cula EC Nivel secundario.twb,DATOS_ADMIN_SM,table,,Grupos Indicadores_80F403D81C66448DB95D3484EA9601FB,[Extract].[Grupos Indicadores_80F403D81C66448DB95D3484EA9601FB]
3_3dMatrculaECNivelSecundario,DHBEvolucinTemporal,3.3d Matr├¡cula EC Nivel secundario.twb,DATOS_ADMIN_SM,table,excel-direct.0xx2jmm0u5b4og1ftopil1vllq5l,Indicadores,[Indicadores$]
3_3dMatrculaECNivelSecundario,DHBEvolucinTemporal,3.3d Matr├¡cula EC Nivel secundario.twb,DATOS_ADMIN_SM,table,,Indicadores_F269C9F3A1A74D299CBC3D2526527AB4,[Extract].[Indicadores_F269C9F3A1A74D299CBC3D2526527AB4]
3_3dMatrculaECNivelSecundario,DHBEvolucinTemporal,3.3d Matr├¡cula EC Nivel secundario.twb,DATOS_ADMIN_SM,table,excel-direct.0xx2jmm0u5b4og1ftopil1vllq5l,Tableros,[Tableros$]
3_3dMatrculaECNivelSecundario,DHBEvolucinTemporal,3.3d Matr├¡cula EC Nivel secundario.twb,DATOS_ADMIN_SM,table,,Tableros_4B7E936B713A46E09A688BE3B557C7FB,[Extract].[Tableros_4B7E936B713A46E09A688BE3B557C7FB]
3_3dMatrculaECNivelSecundario,DHBEvolucinTemporal,3.3d Matr├¡cula EC Nivel secundario.twb,DATOS_ADMIN_SM,table,excel-direct.0xx2jmm0u5b4og1ftopil1vllq5l,Temas,[Temas$]
3_3dMatrculaECNivelSecundario,DHBEvolucinTemporal,3.3d Matr├¡cula EC Nivel secundario.twb,DATOS_ADMIN_SM,table,,Temas_1EB48C7DA90F40468E6E2140C9DFBF4E,[Extract].[Temas_1EB48C7DA90F40468E6E2140C9DFBF4E]
3_3dMatrculaECNivelSecundario,DHBEvolucinTemporal,3.3d Matr├¡cula EC Nivel secundario.twb,DATOS_ADMIN_SM,table,ogrdirect.15mp5m7082w51815yot5x0ebesq2,provincia.shp,[provincia.shp]
3_3dMatrculaECNivelSecundario,DHBEvolucinTemporal,3.3d Matr├¡cula EC Nivel secundario.twb,DATOS_ADMIN_SM,table,,provincia.shp_62D62B83F60E430CB2E4544483D1F16A,[Extract].[provincia.shp_62D62B83F60E430CB2E4544483D1F16A]
4_2aNatalidad,DHBEvolucinTemporal,4.2a Natalidad.twb,DATOS_ADMIN_SM,collection,,,
4_2aNatalidad,DHBEvolucinTemporal,4.2a Natalidad.twb,DATOS_ADMIN_SM,table,excel-direct.0xx2jmm0u5b4og1ftopil1vllq5l,Datos,[Datos$]
4_2aNatalidad,DHBEvolucinTemporal,4.2a Natalidad.twb,DATOS_ADMIN_SM,table,excel-direct.0xx2jmm0u5b4og1ftopil1vllq5l,Grupos Indicadores,['Grupos Indicadores$']
4_2aNatalidad,DHBEvolucinTemporal,4.2a Natalidad.twb,DATOS_ADMIN_SM,table,excel-direct.0xx2jmm0u5b4og1ftopil1vllq5l,Indicadores,[Indicadores$]
4_2aNatalidad,DHBEvolucinTemporal,4.2a Natalidad.twb,DATOS_ADMIN_SM,table,excel-direct.0xx2jmm0u5b4og1ftopil1vllq5l,Tableros,[Tableros$]
4_2aNatalidad,DHBEvolucinTemporal,4.2a Natalidad.twb,DATOS_ADMIN_SM,table,excel-direct.0xx2jmm0u5b4og1ftopil1vllq5l,Configuracion,[Configuracion$]
4_2aNatalidad,DHBEvolucinTemporal,4.2a Natalidad.twb,DATOS_ADMIN_SM,table,excel-direct.0xx2jmm0u5b4og1ftopil1vllq5l,Temas,[Temas$]
4_2aNatalidad,DHBEvolucinTemporal,4.2a Natalidad.twb,DATOS_ADMIN_SM,table,ogrdirect.15mp5m7082w51815yot5x0ebesq2,provincia.shp,[provincia.shp]
4_2aNatalidad,DHBEvolucinTemporal,4.2a Natalidad.twb,DATOS_ADMIN_SM,collection,,,
4_2aNatalidad,DHBEvolucinTemporal,4.2a Natalidad.twb,DATOS_ADMIN_SM,table,,Datos_E76A2789C0C0403C8522440D998704F2,[Extract].[Datos_E76A2789C0C0403C8522440D998704F2]
4_2aNatalidad,DHBEvolucinTemporal,4.2a Natalidad.twb,DATOS_ADMIN_SM,table,,Grupos Indicadores_80F403D81C66448DB95D3484EA9601FB,[Extract].[Grupos Indicadores_80F403D81C66448DB95D3484EA9601FB]
4_2aNatalidad,DHBEvolucinTemporal,4.2a Natalidad.twb,DATOS_ADMIN_SM,table,,Indicadores_F269C9F3A1A74D299CBC3D2526527AB4,[Extract].[Indicadores_F269C9F3A1A74D299CBC3D2526527AB4]
4_2aNatalidad,DHBEvolucinTemporal,4.2a Natalidad.twb,DATOS_ADMIN_SM,table,,Tableros_4B7E936B713A46E09A688BE3B557C7FB,[Extract].[Tableros_4B7E936B713A46E09A688BE3B557C7FB]
4_2aNatalidad,DHBEvolucinTemporal,4.2a Natalidad.twb,DATOS_ADMIN_SM,table,,Configuracion_70F75B593A84437096A6459916C3B121,[Extract].[Configuracion_70F75B593A84437096A6459916C3B121]
4_2aNatalidad,DHBEvolucinTemporal,4.2a Natalidad.twb,DATOS_ADMIN_SM,table,,Temas_1EB48C7DA90F40468E6E2140C9DFBF4E,[Extract].[Temas_1EB48C7DA90F40468E6E2140C9DFBF4E]
4_2aNatalidad,DHBEvolucinTemporal,4.2a Natalidad.twb,DATOS_ADMIN_SM,table,,provincia.shp_62D62B83F60E430CB2E4544483D1F16A,[Extract].[provincia.shp_62D62B83F60E430CB2E4544483D1F16A]
4_2aNatalidad,DHBEvolucinTemporal,4.2a Natalidad.twb,DATOS_ADMIN_SM,table,excel-direct.0xx2jmm0u5b4og1ftopil1vllq5l,Configuracion,[Configuracion$]
4_2aNatalidad,DHBEvolucinTemporal,4.2a Natalidad.twb,DATOS_ADMIN_SM,table,,Configuracion_70F75B593A84437096A6459916C3B121,[Extract].[Configuracion_70F75B593A84437096A6459916C3B121]
4_2aNatalidad,DHBEvolucinTemporal,4.2a Natalidad.twb,DATOS_ADMIN_SM,table,excel-direct.0xx2jmm0u5b4og1ftopil1vllq5l,Datos,[Datos$]
4_2aNatalidad,DHBEvolucinTemporal,4.2a Natalidad.twb,DATOS_ADMIN_SM,table,,Datos_E76A2789C0C0403C8522440D998704F2,[Extract].[Datos_E76A2789C0C0403C8522440D998704F2]
4_2aNatalidad,DHBEvolucinTemporal,4.2a Natalidad.twb,DATOS_ADMIN_SM,table,excel-direct.0xx2jmm0u5b4og1ftopil1vllq5l,Grupos Indicadores,['Grupos Indicadores$']
4_2aNatalidad,DHBEvolucinTemporal,4.2a Natalidad.twb,DATOS_ADMIN_SM,table,,Grupos Indicadores_80F403D81C66448DB95D3484EA9601FB,[Extract].[Grupos Indicadores_80F403D81C66448DB95D3484EA9601FB]
4_2aNatalidad,DHBEvolucinTemporal,4.2a Natalidad.twb,DATOS_ADMIN_SM,table,excel-direct.0xx2jmm0u5b4og1ftopil1vllq5l,Indicadores,[Indicadores$]
4_2aNatalidad,DHBEvolucinTemporal,4.2a Natalidad.twb,DATOS_ADMIN_SM,table,,Indicadores_F269C9F3A1A74D299CBC3D2526527AB4,[Extract].[Indicadores_F269C9F3A1A74D299CBC3D2526527AB4]
4_2aNatalidad,DHBEvolucinTemporal,4.2a Natalidad.twb,DATOS_ADMIN_SM,table,excel-direct.0xx2jmm0u5b4og1ftopil1vllq5l,Tableros,[Tableros$]
4_2aNatalidad,DHBEvolucinTemporal,4.2a Natalidad.twb,DATOS_ADMIN_SM,table,,Tableros_4B7E936B713A46E09A688BE3B557C7FB,[Extract].[Tableros_4B7E936B713A46E09A688BE3B557C7FB]
4_2aNatalidad,DHBEvolucinTemporal,4.2a Natalidad.twb,DATOS_ADMIN_SM,table,excel-direct.0xx2jmm0u5b4og1ftopil1vllq5l,Temas,[Temas$]
4_2aNatalidad,DHBEvolucinTemporal,4.2a Natalidad.twb,DATOS_ADMIN_SM,table,,Temas_1EB48C7DA90F40468E6E2140C9DFBF4E,[Extract].[Temas_1EB48C7DA90F40468E6E2140C9DFBF4E]
4_2aNatalidad,DHBEvolucinTemporal,4.2a Natalidad.twb,DATOS_ADMIN_SM,table,ogrdirect.15mp5m7082w51815yot5x0ebesq2,provincia.shp,[provincia.shp]
4_2aNatalidad,DHBEvolucinTemporal,4.2a Natalidad.twb,DATOS_ADMIN_SM,table,,provincia.shp_62D62B83F60E430CB2E4544483D1F16A,[Extract].[provincia.shp_62D62B83F60E430CB2E4544483D1F16A]
5_4aJusticiajuvenilAdolescentesyjvenes,DHBEvolucinTemporal,5.4a Justicia juvenil Adolescentes y j├│venes.twb,DATOS_ADMIN_SM,collection,,,
5_4aJusticiajuvenilAdolescentesyjvenes,DHBEvolucinTemporal,5.4a Justicia juvenil Adolescentes y j├│venes.twb,DATOS_ADMIN_SM,table,excel-direct.0xx2jmm0u5b4og1ftopil1vllq5l,Datos,[Datos$]
5_4aJusticiajuvenilAdolescentesyjvenes,DHBEvolucinTemporal,5.4a Justicia juvenil Adolescentes y j├│venes.twb,DATOS_ADMIN_SM,table,excel-direct.0xx2jmm0u5b4og1ftopil1vllq5l,Grupos Indicadores,['Grupos Indicadores$']
5_4aJusticiajuvenilAdolescentesyjvenes,DHBEvolucinTemporal,5.4a Justicia juvenil Adolescentes y j├│venes.twb,DATOS_ADMIN_SM,table,excel-direct.0xx2jmm0u5b4og1ftopil1vllq5l,Indicadores,[Indicadores$]
5_4aJusticiajuvenilAdolescentesyjvenes,DHBEvolucinTemporal,5.4a Justicia juvenil Adolescentes y j├│venes.twb,DATOS_ADMIN_SM,table,excel-direct.0xx2jmm0u5b4og1ftopil1vllq5l,Tableros,[Tableros$]
5_4aJusticiajuvenilAdolescentesyjvenes,DHBEvolucinTemporal,5.4a Justicia juvenil Adolescentes y j├│venes.twb,DATOS_ADMIN_SM,table,excel-direct.0xx2jmm0u5b4og1ftopil1vllq5l,Configuracion,[Configuracion$]
5_4aJusticiajuvenilAdolescentesyjvenes,DHBEvolucinTemporal,5.4a Justicia juvenil Adolescentes y j├│venes.twb,DATOS_ADMIN_SM,table,excel-direct.0xx2jmm0u5b4og1ftopil1vllq5l,Temas,[Temas$]
5_4aJusticiajuvenilAdolescentesyjvenes,DHBEvolucinTemporal,5.4a Justicia juvenil Adolescentes y j├│venes.twb,DATOS_ADMIN_SM,table,ogrdirect.15mp5m7082w51815yot5x0ebesq2,provincia.shp,[provincia.shp]
5_4aJusticiajuvenilAdolescentesyjvenes,DHBEvolucinTemporal,5.4a Justicia juvenil Adolescentes y j├│venes.twb,DATOS_ADMIN_SM,collection,,,
5_4aJusticiajuvenilAdolescentesyjvenes,DHBEvolucinTemporal,5.4a Justicia juvenil Adolescentes y j├│venes.twb,DATOS_ADMIN_SM,table,,Datos_E76A2789C0C0403C8522440D998704F2,[Extract].[Datos_E76A2789C0C0403C8522440D998704F2]
5_4aJusticiajuvenilAdolescentesyjvenes,DHBEvolucinTemporal,5.4a Justicia juvenil Adolescentes y j├│venes.twb,DATOS_ADMIN_SM,table,,Grupos Indicadores_80F403D81C66448DB95D3484EA9601FB,[Extract].[Grupos Indicadores_80F403D81C66448DB95D3484EA9601FB]
5_4aJusticiajuvenilAdolescentesyjvenes,DHBEvolucinTemporal,5.4a Justicia juvenil Adolescentes y j├│venes.twb,DATOS_ADMIN_SM,table,,Indicadores_F269C9F3A1A74D299CBC3D2526527AB4,[Extract].[Indicadores_F269C9F3A1A74D299CBC3D2526527AB4]
5_4aJusticiajuvenilAdolescentesyjvenes,DHBEvolucinTemporal,5.4a Justicia juvenil Adolescentes y j├│venes.twb,DATOS_ADMIN_SM,table,,Tableros_4B7E936B713A46E09A688BE3B557C7FB,[Extract].[Tableros_4B7E936B713A46E09A688BE3B557C7FB]
5_4aJusticiajuvenilAdolescentesyjvenes,DHBEvolucinTemporal,5.4a Justicia juvenil Adolescentes y j├│venes.twb,DATOS_ADMIN_SM,table,,Configuracion_70F75B593A84437096A6459916C3B121,[Extract].[Configuracion_70F75B593A84437096A6459916C3B121]
5_4aJusticiajuvenilAdolescentesyjvenes,DHBEvolucinTemporal,5.4a Justicia juvenil Adolescentes y j├│venes.twb,DATOS_ADMIN_SM,table,,Temas_1EB48C7DA90F40468E6E2140C9DFBF4E,[Extract].[Temas_1EB48C7DA90F40468E6E2140C9DFBF4E]
5_4aJusticiajuvenilAdolescentesyjvenes,DHBEvolucinTemporal,5.4a Justicia juvenil Adolescentes y j├│venes.twb,DATOS_ADMIN_SM,table,,provincia.shp_62D62B83F60E430CB2E4544483D1F16A,[Extract].[provincia.shp_62D62B83F60E430CB2E4544483D1F16A]
5_4aJusticiajuvenilAdolescentesyjvenes,DHBEvolucinTemporal,5.4a Justicia juvenil Adolescentes y j├│venes.twb,DATOS_ADMIN_SM,table,excel-direct.0xx2jmm0u5b4og1ftopil1vllq5l,Configuracion,[Configuracion$]
5_4aJusticiajuvenilAdolescentesyjvenes,DHBEvolucinTemporal,5.4a Justicia juvenil Adolescentes y j├│venes.twb,DATOS_ADMIN_SM,table,,Configuracion_70F75B593A84437096A6459916C3B121,[Extract].[Configuracion_70F75B593A84437096A6459916C3B121]
5_4aJusticiajuvenilAdolescentesyjvenes,DHBEvolucinTemporal,5.4a Justicia juvenil Adolescentes y j├│venes.twb,DATOS_ADMIN_SM,table,excel-direct.0xx2jmm0u5b4og1ftopil1vllq5l,Datos,[Datos$]
5_4aJusticiajuvenilAdolescentesyjvenes,DHBEvolucinTemporal,5.4a Justicia juvenil Adolescentes y j├│venes.twb,DATOS_ADMIN_SM,table,,Datos_E76A2789C0C0403C8522440D998704F2,[Extract].[Datos_E76A2789C0C0403C8522440D998704F2]
5_4aJusticiajuvenilAdolescentesyjvenes,DHBEvolucinTemporal,5.4a Justicia juvenil Adolescentes y j├│venes.twb,DATOS_ADMIN_SM,table,excel-direct.0xx2jmm0u5b4og1ftopil1vllq5l,Grupos Indicadores,['Grupos Indicadores$']
5_4aJusticiajuvenilAdolescentesyjvenes,DHBEvolucinTemporal,5.4a Justicia juvenil Adolescentes y j├│venes.twb,DATOS_ADMIN_SM,table,,Grupos Indicadores_80F403D81C66448DB95D3484EA9601FB,[Extract].[Grupos Indicadores_80F403D81C66448DB95D3484EA9601FB]
5_4aJusticiajuvenilAdolescentesyjvenes,DHBEvolucinTemporal,5.4a Justicia juvenil Adolescentes y j├│venes.twb,DATOS_ADMIN_SM,table,excel-direct.0xx2jmm0u5b4og1ftopil1vllq5l,Indicadores,[Indicadores$]
5_4aJusticiajuvenilAdolescentesyjvenes,DHBEvolucinTemporal,5.4a Justicia juvenil Adolescentes y j├│venes.twb,DATOS_ADMIN_SM,table,,Indicadores_F269C9F3A1A74D299CBC3D2526527AB4,[Extract].[Indicadores_F269C9F3A1A74D299CBC3D2526527AB4]
5_4aJusticiajuvenilAdolescentesyjvenes,DHBEvolucinTemporal,5.4a Justicia juvenil Adolescentes y j├│venes.twb,DATOS_ADMIN_SM,table,excel-direct.0xx2jmm0u5b4og1ftopil1vllq5l,Tableros,[Tableros$]
5_4aJusticiajuvenilAdolescentesyjvenes,DHBEvolucinTemporal,5.4a Justicia juvenil Adolescentes y j├│venes.twb,DATOS_ADMIN_SM,table,,Tableros_4B7E936B713A46E09A688BE3B557C7FB,[Extract].[Tableros_4B7E936B713A46E09A688BE3B557C7FB]
5_4aJusticiajuvenilAdolescentesyjvenes,DHBEvolucinTemporal,5.4a Justicia juvenil Adolescentes y j├│venes.twb,DATOS_ADMIN_SM,table,excel-direct.0xx2jmm0u5b4og1ftopil1vllq5l,Temas,[Temas$]
5_4aJusticiajuvenilAdolescentesyjvenes,DHBEvolucinTemporal,5.4a Justicia juvenil Adolescentes y j├│venes.twb,DATOS_ADMIN_SM,table,,Temas_1EB48C7DA90F40468E6E2140C9DFBF4E,[Extract].[Temas_1EB48C7DA90F40468E6E2140C9DFBF4E]
5_4aJusticiajuvenilAdolescentesyjvenes,DHBEvolucinTemporal,5.4a Justicia juvenil Adolescentes y j├│venes.twb,DATOS_ADMIN_SM,table,ogrdirect.15mp5m7082w51815yot5x0ebesq2,provincia.shp,[provincia.shp]
5_4aJusticiajuvenilAdolescentesyjvenes,DHBEvolucinTemporal,5.4a Justicia juvenil Adolescentes y j├│venes.twb,DATOS_ADMIN_SM,table,,provincia.shp_62D62B83F60E430CB2E4544483D1F16A,[Extract].[provincia.shp_62D62B83F60E430CB2E4544483D1F16A]
