workbook,view,tema,ladefe_url,pages_count,reused,tableau_url,ladefe_pages
1_1Aspectosdemogrficos_Informacincensal,DHBEvolucinTemporal,perfil-demografico-de-los-ninos-ninas-y-adolescentes,https://ladefe.gob.ar/monitoreo/perfil-demografico-de-los-ninos-ninas-y-adolescentes/informacion-demografica-censal/,1,No,https://public.tableau.com/views/1_1Aspectosdemogrficos_Informacincensal/DHBEvolucinTemporal,https://ladefe.gob.ar/monitoreo/perfil-demografico-de-los-ninos-ninas-y-adolescentes/informacion-demografica-censal/
1_2Aspectosdemogrficos_Censal,DHBEvolucinTemporal,perfil-demografico-de-los-ninos-ninas-y-adolescentes,https://ladefe.gob.ar/monitoreo/perfil-demografico-de-los-ninos-ninas-y-adolescentes/informacion-demografica-urbana-eph/,1,No,https://public.tableau.com/views/1_2Aspectosdemogrficos_Censal/DHBEvolucinTemporal,https://ladefe.gob.ar/monitoreo/perfil-demografico-de-los-ninos-ninas-y-adolescentes/informacion-demografica-urbana-eph/
2_1NBI,DHBEvolucinTemporal,condiciones-de-vida-digna-en-la-ninez-y-adolescencia,https://ladefe.gob.ar/monitoreo/condiciones-de-vida-digna-en-la-ninez-y-adolescencia/pobreza/necesidades-basicas-insatisfechas/,1,No,https://public.tableau.com/views/2_1NBI/DHBEvolucinTemporal,https://ladefe.gob.ar/monitoreo/condiciones-de-vida-digna-en-la-ninez-y-adolescencia/pobreza/necesidades-basicas-insatisfechas/
2_1aTasasdepobreza,DHBEvolucinTemporal,condiciones-de-vida-digna-en-la-ninez-y-adolescencia,https://ladefe.gob.ar/monitoreo/condiciones-de-vida-digna-en-la-ninez-y-adolescencia/pobreza/pobreza-monetaria/tasa-de-pobreza-e-indigencia/,1,No,https://public.tableau.com/views/2_1aTasasdepobreza/DHBEvolucinTemporal,https://ladefe.gob.ar/monitoreo/condiciones-de-vida-digna-en-la-ninez-y-adolescencia/pobreza/pobreza-monetaria/tasa-de-pobreza-e-indigencia/
2_1bPobrezahogares,DHBEvolucinTemporal,condiciones-de-vida-digna-en-la-ninez-y-adolescencia,https://ladefe.gob.ar/monitoreo/condiciones-de-vida-digna-en-la-ninez-y-adolescencia/pobreza/pobreza-monetaria/pobreza-segun-caracteristicas-de-los-hogares-2/,1,No,https://public.tableau.com/views/2_1bPobrezahogares/DHBEvolucinTemporal,https://ladefe.gob.ar/monitoreo/condiciones-de-vida-digna-en-la-ninez-y-adolescencia/pobreza/pobreza-monetaria/pobreza-segun-caracteristicas-de-los-hogares-2/
2_2aSeg_social_General,DHBEvolucinTemporal,condiciones-de-vida-digna-en-la-ninez-y-adolescencia,https://ladefe.gob.ar/monitoreo/condiciones-de-vida-digna-en-la-ninez-y-adolescencia/politicas-de-transferencias-monetarias/seguridad-social/cobertura-de-la-seguridad-social-total/,1,No,https://public.tableau.com/views/2_2aSeg_social_General/DHBEvolucinTemporal,https://ladefe.gob.ar/monitoreo/condiciones-de-vida-digna-en-la-ninez-y-adolescencia/politicas-de-transferencias-monetarias/seguridad-social/cobertura-de-la-seguridad-social-total/
2_2bAUH,DHBEvolucinTemporal,condiciones-de-vida-digna-en-la-ninez-y-adolescencia,https://ladefe.gob.ar/monitoreo/condiciones-de-vida-digna-en-la-ninez-y-adolescencia/politicas-de-transferencias-monetarias/seguridad-social/asignacion-universal-por-hija-o-auh-2/,1,No,https://public.tableau.com/views/2_2bAUH/DHBEvolucinTemporal,https://ladefe.gob.ar/monitoreo/condiciones-de-vida-digna-en-la-ninez-y-adolescencia/politicas-de-transferencias-monetarias/seguridad-social/asignacion-universal-por-hija-o-auh-2/
2_2cAAFF,DHBEvolucinTemporal,condiciones-de-vida-digna-en-la-ninez-y-adolescencia,https://ladefe.gob.ar/monitoreo/condiciones-de-vida-digna-en-la-ninez-y-adolescencia/politicas-de-transferencias-monetarias/seguridad-social/asignacion-por-hija-o-aaff/,1,No,https://public.tableau.com/views/2_2cAAFF/DHBEvolucinTemporal,https://ladefe.gob.ar/monitoreo/condiciones-de-vida-digna-en-la-ninez-y-adolescencia/politicas-de-transferencias-monetarias/seguridad-social/asignacion-por-hija-o-aaff/
2_2dAsignacinembarazo,DHBEvolucinTemporal,condiciones-de-vida-digna-en-la-ninez-y-adolescencia,https://ladefe.gob.ar/monitoreo/condiciones-de-vida-digna-en-la-ninez-y-adolescencia/politicas-de-transferencias-monetarias/seguridad-social/asignaciones-para-embarazo-aue-y-prenatal-2/,1,No,https://public.tableau.com/views/2_2dAsignacinembarazo/DHBEvolucinTemporal,https://ladefe.gob.ar/monitoreo/condiciones-de-vida-digna-en-la-ninez-y-adolescencia/politicas-de-transferencias-monetarias/seguridad-social/asignaciones-para-embarazo-aue-y-prenatal-2/
2_2ePensinmadre7hijos,DHBEvolucinTemporal,condiciones-de-vida-digna-en-la-ninez-y-adolescencia,https://ladefe.gob.ar/monitoreo/condiciones-de-vida-digna-en-la-ninez-y-adolescencia/politicas-de-transferencias-monetarias/seguridad-social/pension-para-madres-de-7-hijas-os-o-mas-2/,1,No,https://public.tableau.com/views/2_2ePensinmadre7hijos/DHBEvolucinTemporal,https://ladefe.gob.ar/monitoreo/condiciones-de-vida-digna-en-la-ninez-y-adolescencia/politicas-de-transferencias-monetarias/seguridad-social/pension-para-madres-de-7-hijas-os-o-mas-2/
2_3Seguridadalimentaria,DHBEvolucinTemporal,condiciones-de-vida-digna-en-la-ninez-y-adolescencia,https://ladefe.gob.ar/monitoreo/condiciones-de-vida-digna-en-la-ninez-y-adolescencia/politicas-de-transferencias-monetarias/seguridad-alimentaria/,1,No,https://public.tableau.com/views/2_3Seguridadalimentaria/DHBEvolucinTemporal,https://ladefe.gob.ar/monitoreo/condiciones-de-vida-digna-en-la-ninez-y-adolescencia/politicas-de-transferencias-monetarias/seguridad-alimentaria/
2_5aViviviendaCFCHabitacionales,DHBEvolucinTemporal,condiciones-de-vida-digna-en-la-ninez-y-adolescencia,https://ladefe.gob.ar/monitoreo/condiciones-de-vida-digna-en-la-ninez-y-adolescencia/vivienda-y-habitat/informacion-habitacional-censal/condiciones-habitacionales-censo/,1,No,https://public.tableau.com/views/2_5aViviviendaCFCHabitacionales/DHBEvolucinTemporal,https://ladefe.gob.ar/monitoreo/condiciones-de-vida-digna-en-la-ninez-y-adolescencia/vivienda-y-habitat/informacion-habitacional-censal/condiciones-habitacionales-censo/
2_5bViviviendaCFServicios,DHBEvolucinTemporal,condiciones-de-vida-digna-en-la-ninez-y-adolescencia,https://ladefe.gob.ar/monitoreo/condiciones-de-vida-digna-en-la-ninez-y-adolescencia/vivienda-y-habitat/informacion-habitacional-censal/acceso-a-servicios-publicos-censo/,1,No,https://public.tableau.com/views/2_5bViviviendaCFServicios/DHBEvolucinTemporal,https://ladefe.gob.ar/monitoreo/condiciones-de-vida-digna-en-la-ninez-y-adolescencia/vivienda-y-habitat/informacion-habitacional-censal/acceso-a-servicios-publicos-censo/
2_5cViviviendaEPHChabitacionales,DHBEvolucinTemporal,condiciones-de-vida-digna-en-la-ninez-y-adolescencia,https://ladefe.gob.ar/monitoreo/condiciones-de-vida-digna-en-la-ninez-y-adolescencia/vivienda-y-habitat/informacion-habitacional-urbana-eph/condiciones-habitacionales-eph/,1,No,https://public.tableau.com/views/2_5cViviviendaEPHChabitacionales/DHBEvolucinTemporal,https://ladefe.gob.ar/monitoreo/condiciones-de-vida-digna-en-la-ninez-y-adolescencia/vivienda-y-habitat/informacion-habitacional-urbana-eph/condiciones-habitacionales-eph/
2_5dViviviendaEPHServicios,DHBEvolucinTemporal,condiciones-de-vida-digna-en-la-ninez-y-adolescencia,https://ladefe.gob.ar/monitoreo/condiciones-de-vida-digna-en-la-ninez-y-adolescencia/vivienda-y-habitat/informacion-habitacional-urbana-eph/acceso-a-servicios-publicos-eph/,1,No,https://public.tableau.com/views/2_5dViviviendaEPHServicios/DHBEvolucinTemporal,https://ladefe.gob.ar/monitoreo/condiciones-de-vida-digna-en-la-ninez-y-adolescencia/vivienda-y-habitat/informacion-habitacional-urbana-eph/acceso-a-servicios-publicos-eph/
2_6aTrabajoadolescenteCenso,DHBEvolucinTemporal,adolescencia,https://ladefe.gob.ar/monitoreo/adolescencia/trabajo-adolescente-informacion-censal/,2,Sí,https://public.tableau.com/views/2_6aTrabajoadolescenteCenso/DHBEvolucinTemporal,https://ladefe.gob.ar/monitoreo/adolescencia/trabajo-adolescente-informacion-censal/ | https://ladefe.gob.ar/monitoreo/condiciones-de-vida-digna-en-la-ninez-y-adolescencia/trabajo-infantil-y-adolescente/trabajo-adolescente-censo/
2_6bTrabajoinfantilyadolescenteEANNA,DHBEvolucinTemporal,condiciones-de-vida-digna-en-la-ninez-y-adolescencia,https://ladefe.gob.ar/monitoreo/condiciones-de-vida-digna-en-la-ninez-y-adolescencia/trabajo-infantil-y-adolescente/trabajo-infantil-y-adolescente-informacion-de-la-eanna/,1,No,https://public.tableau.com/views/2_6bTrabajoinfantilyadolescenteEANNA/DHBEvolucinTemporal,https://ladefe.gob.ar/monitoreo/condiciones-de-vida-digna-en-la-ninez-y-adolescencia/trabajo-infantil-y-adolescente/trabajo-infantil-y-adolescente-informacion-de-la-eanna/
3_1aAsistenciaICensal,DHBEvolucinTemporal,educacion-y-cuidado,https://ladefe.gob.ar/monitoreo/educacion-y-cuidado/asistencia-a-establecimientos-educativos/asistencia-informacion-censal/,1,No,https://public.tableau.com/views/3_1aAsistenciaICensal/DHBEvolucinTemporal,https://ladefe.gob.ar/monitoreo/educacion-y-cuidado/asistencia-a-establecimientos-educativos/asistencia-informacion-censal/
3_1bAsistenciaEPH,DHBEvolucinTemporal,educacion-y-cuidado,https://ladefe.gob.ar/monitoreo/educacion-y-cuidado/asistencia-a-establecimientos-educativos/asistencia-urbana-eph/,1,No,https://public.tableau.com/views/3_1bAsistenciaEPH/DHBEvolucinTemporal,https://ladefe.gob.ar/monitoreo/educacion-y-cuidado/asistencia-a-establecimientos-educativos/asistencia-urbana-eph/
3_2aEstablecimientosCaracteristicas,DHBEvolucinTemporal,educacion-y-cuidado,https://ladefe.gob.ar/monitoreo/educacion-y-cuidado/educacion-comun-para-nnya/establecimientos-de-la-educacion-comun/caracteristicas-generales-por-nivel/,1,No,https://public.tableau.com/views/3_2aEstablecimientosCaracteristicas/DHBEvolucinTemporal,https://ladefe.gob.ar/monitoreo/educacion-y-cuidado/educacion-comun-para-nnya/establecimientos-de-la-educacion-comun/caracteristicas-generales-por-nivel/
3_2bEstablecimientosOfertayciclosNI,DHBEvolucinTemporal,educacion-y-cuidado,https://ladefe.gob.ar/monitoreo/educacion-y-cuidado/educacion-comun-para-nnya/establecimientos-de-la-educacion-comun/oferta-de-nivel-inicial-ciclos-y-salas/,1,No,https://public.tableau.com/views/3_2bEstablecimientosOfertayciclosNI/DHBEvolucinTemporal,https://ladefe.gob.ar/monitoreo/educacion-y-cuidado/educacion-comun-para-nnya/establecimientos-de-la-educacion-comun/oferta-de-nivel-inicial-ciclos-y-salas/
3_2cEstablecimientoselectricidad,DHBEvolucinTemporal,educacion-y-cuidado,https://ladefe.gob.ar/monitoreo/educacion-y-cuidado/educacion-comun-para-nnya/establecimientos-de-la-educacion-comun/equipamiento-y-servicios-disponibles/disponibilidad-de-electricidad/,1,No,https://public.tableau.com/views/3_2cEstablecimientoselectricidad/DHBEvolucinTemporal,https://ladefe.gob.ar/monitoreo/educacion-y-cuidado/educacion-comun-para-nnya/establecimientos-de-la-educacion-comun/equipamiento-y-servicios-disponibles/disponibilidad-de-electricidad/
3_2dEstablecimientosAccesoainternet,DHBEvolucinTemporal,educacion-y-cuidado,https://ladefe.gob.ar/monitoreo/educacion-y-cuidado/acceso-a-tics/acceso-a-internet/,2,Sí,https://public.tableau.com/views/3_2dEstablecimientosAccesoainternet/DHBEvolucinTemporal,https://ladefe.gob.ar/monitoreo/educacion-y-cuidado/acceso-a-tics/acceso-a-internet/ | https://ladefe.gob.ar/monitoreo/educacion-y-cuidado/educacion-comun-para-nnya/establecimientos-de-la-educacion-comun/equipamiento-y-servicios-disponibles/acceso-a-internet/
3_2eEstablecimientosEntregadealimentos,DHBEvolucinTemporal,educacion-y-cuidado,https://ladefe.gob.ar/monitoreo/educacion-y-cuidado/educacion-comun-para-nnya/establecimientos-de-la-educacion-comun/equipamiento-y-servicios-disponibles/servicios-alimentarios-gratuitos/,1,No,https://public.tableau.com/views/3_2eEstablecimientosEntregadealimentos/DHBEvolucinTemporal,https://ladefe.gob.ar/monitoreo/educacion-y-cuidado/educacion-comun-para-nnya/establecimientos-de-la-educacion-comun/equipamiento-y-servicios-disponibles/servicios-alimentarios-gratuitos/
3_2eEstablecimientosLaboratorioinformtica,DHBEvolucinTemporal,educacion-y-cuidado,https://ladefe.gob.ar/monitoreo/educacion-y-cuidado/educacion-comun-para-nnya/establecimientos-de-la-educacion-comun/equipamiento-y-servicios-disponibles/disponibilidad-de-laboratorio-de-informatica/,1,No,https://public.tableau.com/views/3_2eEstablecimientosLaboratorioinformtica/DHBEvolucinTemporal,https://ladefe.gob.ar/monitoreo/educacion-y-cuidado/educacion-comun-para-nnya/establecimientos-de-la-educacion-comun/equipamiento-y-servicios-disponibles/disponibilidad-de-laboratorio-de-informatica/
3_3aMatrculaECCaractersticas,DHBEvolucinTemporal,educacion-y-cuidado,https://ladefe.gob.ar/monitoreo/educacion-y-cuidado/educacion-comun-para-nnya/informacion-sobre-la-matricula-de-la-educacion-comun/caracteristicas-de-la-matricula-de-la-educacion-comun/caracteristicas-generales-de-la-matricula/,1,No,https://public.tableau.com/views/3_3aMatrculaECCaractersticas/DHBEvolucinTemporal,https://ladefe.gob.ar/monitoreo/educacion-y-cuidado/educacion-comun-para-nnya/informacion-sobre-la-matricula-de-la-educacion-comun/caracteristicas-de-la-matricula-de-la-educacion-comun/caracteristicas-generales-de-la-matricula/
3_3bMatrculaECNivelInicial,DHBEvolucinTemporal,educacion-y-cuidado,https://ladefe.gob.ar/monitoreo/educacion-y-cuidado/educacion-comun-para-nnya/informacion-sobre-la-matricula-de-la-educacion-comun/caracteristicas-de-la-matricula-de-la-educacion-comun/matricula-de-nivel-inicial/,1,No,https://public.tableau.com/views/3_3bMatrculaECNivelInicial/DHBEvolucinTemporal,https://ladefe.gob.ar/monitoreo/educacion-y-cuidado/educacion-comun-para-nnya/informacion-sobre-la-matricula-de-la-educacion-comun/caracteristicas-de-la-matricula-de-la-educacion-comun/matricula-de-nivel-inicial/
3_3cMatrculaECNivelPrimario,DHBEvolucinTemporal,educacion-y-cuidado,https://ladefe.gob.ar/monitoreo/educacion-y-cuidado/educacion-comun-para-nnya/informacion-sobre-la-matricula-de-la-educacion-comun/caracteristicas-de-la-matricula-de-la-educacion-comun/matricula-de-nivel-primario/,1,No,https://public.tableau.com/views/3_3cMatrculaECNivelPrimario/DHBEvolucinTemporal,https://ladefe.gob.ar/monitoreo/educacion-y-cuidado/educacion-comun-para-nnya/informacion-sobre-la-matricula-de-la-educacion-comun/caracteristicas-de-la-matricula-de-la-educacion-comun/matricula-de-nivel-primario/
3_3dMatrculaECNivelSecundario,DHBEvolucinTemporal,educacion-y-cuidado,https://ladefe.gob.ar/monitoreo/educacion-y-cuidado/educacion-comun-para-nnya/informacion-sobre-la-matricula-de-la-educacion-comun/caracteristicas-de-la-matricula-de-la-educacion-comun/matricula-de-nivel-secundario/,1,No,https://public.tableau.com/views/3_3dMatrculaECNivelSecundario/DHBEvolucinTemporal,https://ladefe.gob.ar/monitoreo/educacion-y-cuidado/educacion-comun-para-nnya/informacion-sobre-la-matricula-de-la-educacion-comun/caracteristicas-de-la-matricula-de-la-educacion-comun/matricula-de-nivel-secundario/
3_3eMatrculaIETasadeescolarizacin,DHBEvolucinTemporal,educacion-y-cuidado,https://ladefe.gob.ar/monitoreo/educacion-y-cuidado/educacion-comun-para-nnya/informacion-sobre-la-matricula-de-la-educacion-comun/indicadores-de-acceso-desempeno-calidad-y-egreso/tasas-de-escolarizacion/,1,No,https://public.tableau.com/views/3_3eMatrculaIETasadeescolarizacin/DHBEvolucinTemporal,https://ladefe.gob.ar/monitoreo/educacion-y-cuidado/educacion-comun-para-nnya/informacion-sobre-la-matricula-de-la-educacion-comun/indicadores-de-acceso-desempeno-calidad-y-egreso/tasas-de-escolarizacion/
3_3fMatrculaIEPromocinyabandono,DHBEvolucinTemporal,educacion-y-cuidado,https://ladefe.gob.ar/monitoreo/educacion-y-cuidado/educacion-comun-para-nnya/informacion-sobre-la-matricula-de-la-educacion-comun/indicadores-de-acceso-desempeno-calidad-y-egreso/promocion-efectiva-y-abandono-interanual/,1,No,https://public.tableau.com/views/3_3fMatrculaIEPromocinyabandono/DHBEvolucinTemporal,https://ladefe.gob.ar/monitoreo/educacion-y-cuidado/educacion-comun-para-nnya/informacion-sobre-la-matricula-de-la-educacion-comun/indicadores-de-acceso-desempeno-calidad-y-egreso/promocion-efectiva-y-abandono-interanual/
3_3gMatrculaIERepitenciaysobreedad,DHBEvolucinTemporal,educacion-y-cuidado,https://ladefe.gob.ar/monitoreo/educacion-y-cuidado/educacion-comun-para-nnya/informacion-sobre-la-matricula-de-la-educacion-comun/indicadores-de-acceso-desempeno-calidad-y-egreso/repitencia-y-sobreedad/,1,No,https://public.tableau.com/views/3_3gMatrculaIERepitenciaysobreedad/DHBEvolucinTemporal,https://ladefe.gob.ar/monitoreo/educacion-y-cuidado/educacion-comun-para-nnya/informacion-sobre-la-matricula-de-la-educacion-comun/indicadores-de-acceso-desempeno-calidad-y-egreso/repitencia-y-sobreedad/
3_3hMatrculaIETasadeegreso,DHBEvolucinTemporal,educacion-y-cuidado,https://ladefe.gob.ar/monitoreo/educacion-y-cuidado/educacion-comun-para-nnya/informacion-sobre-la-matricula-de-la-educacion-comun/indicadores-de-acceso-desempeno-calidad-y-egreso/tasa-de-egreso/,1,No,https://public.tableau.com/views/3_3hMatrculaIETasadeegreso/DHBEvolucinTemporal,https://ladefe.gob.ar/monitoreo/educacion-y-cuidado/educacion-comun-para-nnya/informacion-sobre-la-matricula-de-la-educacion-comun/indicadores-de-acceso-desempeno-calidad-y-egreso/tasa-de-egreso/
3_4aEducacinespecialEstablecimientos,DHBEvolucinTemporal,educacion-y-cuidado,https://ladefe.gob.ar/monitoreo/educacion-y-cuidado/educacion-especial-para-nnya/establecimientos-educativos/,2,Sí,https://public.tableau.com/views/3_4aEducacinespecialEstablecimientos/DHBEvolucinTemporal,https://ladefe.gob.ar/monitoreo/educacion-y-cuidado/educacion-especial-para-nnya/establecimientos-educativos/ | https://ladefe.gob.ar/monitoreo/grupos-prioritarios/nnya-con-discapacidad/educacion-especial-para-nnya/establecimientos-educativos/
3_4bEducacinespecialMatrcula,DHBEvolucinTemporal,educacion-y-cuidado,https://ladefe.gob.ar/monitoreo/educacion-y-cuidado/educacion-especial-para-nnya/matricula-educacion-especial/,2,Sí,https://public.tableau.com/views/3_4bEducacinespecialMatrcula/DHBEvolucinTemporal,https://ladefe.gob.ar/monitoreo/educacion-y-cuidado/educacion-especial-para-nnya/matricula-educacion-especial/ | https://ladefe.gob.ar/monitoreo/grupos-prioritarios/nnya-con-discapacidad/educacion-especial-para-nnya/matricula/
3_5aTICsICensal,DHBEvolucinTemporal,educacion-y-cuidado,https://ladefe.gob.ar/monitoreo/educacion-y-cuidado/acceso-a-tics/acceso-a-tics-informacion-censal/,1,No,https://public.tableau.com/views/3_5aTICsICensal/DHBEvolucinTemporal,https://ladefe.gob.ar/monitoreo/educacion-y-cuidado/acceso-a-tics/acceso-a-tics-informacion-censal/
3_5bTICsIEPH,DHBEvolucinTemporal,educacion-y-cuidado,https://ladefe.gob.ar/monitoreo/educacion-y-cuidado/acceso-a-tics/tics-informacion-urbana-eph/,1,No,https://public.tableau.com/views/3_5bTICsIEPH/DHBEvolucinTemporal,https://ladefe.gob.ar/monitoreo/educacion-y-cuidado/acceso-a-tics/tics-informacion-urbana-eph/
4_1Coberturadesalud,DHBEvolucinTemporal,salud,https://ladefe.gob.ar/monitoreo/salud/cobertura-de-salud/,1,No,https://public.tableau.com/views/4_1Coberturadesalud/DHBEvolucinTemporal,https://ladefe.gob.ar/monitoreo/salud/cobertura-de-salud/
4_2aNatalidad,DHBEvolucinTemporal,salud,https://ladefe.gob.ar/monitoreo/salud/natalidad-y-salud-en-el-primer-ano/natalidad/,1,No,https://public.tableau.com/views/4_2aNatalidad/DHBEvolucinTemporal,https://ladefe.gob.ar/monitoreo/salud/natalidad-y-salud-en-el-primer-ano/natalidad/
4_2bNatalidadNacidosvivos,DHBEvolucinTemporal,salud,https://ladefe.gob.ar/monitoreo/salud/natalidad-y-salud-en-el-primer-ano/caracteristicas-de-los-nacidos-vivos/,1,No,https://public.tableau.com/views/4_2bNatalidadNacidosvivos/DHBEvolucinTemporal,https://ladefe.gob.ar/monitoreo/salud/natalidad-y-salud-en-el-primer-ano/caracteristicas-de-los-nacidos-vivos/
4_2cNatalidadMadreyparto,DHBEvolucinTemporal,salud,https://ladefe.gob.ar/monitoreo/salud/natalidad-y-salud-en-el-primer-ano/caracteristicas-de-las-madres-y-el-parto/,1,No,https://public.tableau.com/views/4_2cNatalidadMadreyparto/DHBEvolucinTemporal,https://ladefe.gob.ar/monitoreo/salud/natalidad-y-salud-en-el-primer-ano/caracteristicas-de-las-madres-y-el-parto/
4_2dNatalidadLactancia,DHBEvolucinTemporal,salud,https://ladefe.gob.ar/monitoreo/salud/natalidad-y-salud-en-el-primer-ano/lactancia-materna/,1,No,https://public.tableau.com/views/4_2dNatalidadLactancia/DHBEvolucinTemporal,https://ladefe.gob.ar/monitoreo/salud/natalidad-y-salud-en-el-primer-ano/lactancia-materna/
4_3aMortalidadinfantilTasas,DHBEvolucinTemporal,salud,https://ladefe.gob.ar/monitoreo/salud/mortalidad/mortalidad-infantil-y-materna/tasa-de-mortalidad-infantil/,1,No,https://public.tableau.com/views/4_3aMortalidadinfantilTasas/DHBEvolucinTemporal,https://ladefe.gob.ar/monitoreo/salud/mortalidad/mortalidad-infantil-y-materna/tasa-de-mortalidad-infantil/
4_3bMortalidadinfantilCaractersticas,DHBEvolucinTemporal,salud,https://ladefe.gob.ar/monitoreo/salud/mortalidad/mortalidad-infantil-y-materna/caracteristicas-de-las-defunciones-infantiles/,1,No,https://public.tableau.com/views/4_3bMortalidadinfantilCaractersticas/DHBEvolucinTemporal,https://ladefe.gob.ar/monitoreo/salud/mortalidad/mortalidad-infantil-y-materna/caracteristicas-de-las-defunciones-infantiles/
4_3cMortalidadMaterna,DHBEvolucinTemporal,salud,https://ladefe.gob.ar/monitoreo/salud/mortalidad/mortalidad-infantil-y-materna/mortalidad-materna/,1,No,https://public.tableau.com/views/4_3cMortalidadMaterna/DHBEvolucinTemporal,https://ladefe.gob.ar/monitoreo/salud/mortalidad/mortalidad-infantil-y-materna/mortalidad-materna/
4_4aMortalidadNNyATasa,DHBEvolucinTemporal,salud,https://ladefe.gob.ar/monitoreo/salud/mortalidad/mortalidad-de-nnya-de-1-a-19-anos/tasa-de-mortalidad-de-nnya/,1,No,https://public.tableau.com/views/4_4aMortalidadNNyATasa/DHBEvolucinTemporal,https://ladefe.gob.ar/monitoreo/salud/mortalidad/mortalidad-de-nnya-de-1-a-19-anos/tasa-de-mortalidad-de-nnya/
4_4bMortalidadNNyACausas,DHBEvolucinTemporal,salud,https://ladefe.gob.ar/monitoreo/salud/mortalidad/mortalidad-de-nnya-de-1-a-19-anos/causas-de-muerte-de-nnya/principales-causas-de-muerte-de-nnya/,1,No,https://public.tableau.com/views/4_4bMortalidadNNyACausas/DHBEvolucinTemporal,https://ladefe.gob.ar/monitoreo/salud/mortalidad/mortalidad-de-nnya-de-1-a-19-anos/causas-de-muerte-de-nnya/principales-causas-de-muerte-de-nnya/
4_6Nutricin,DHBEvolucinTemporal,salud,https://ladefe.gob.ar/monitoreo/salud/nutricion/,1,No,https://public.tableau.com/views/4_6Nutricin/DHBEvolucinTemporal,https://ladefe.gob.ar/monitoreo/salud/nutricion/
5_1aNNyAconmedidasdeproteccion_NNyA,DHBEvolucinTemporal,organismos-de-proteccion-de-derechos-de-la-ninez-adolescencia-y-justicia-juvenil,https://ladefe.gob.ar/monitoreo/organismos-de-proteccion-de-derechos-de-la-ninez-adolescencia-y-justicia-juvenil/nnya-con-medidas-de-proteccion-excepcionales/nnya-en-dispositivos-de-cuidado-residencial-familiar-con-familia-ampliada/,1,No,https://public.tableau.com/views/5_1aNNyAconmedidasdeproteccion_NNyA/DHBEvolucinTemporal,https://ladefe.gob.ar/monitoreo/organismos-de-proteccion-de-derechos-de-la-ninez-adolescencia-y-justicia-juvenil/nnya-con-medidas-de-proteccion-excepcionales/nnya-en-dispositivos-de-cuidado-residencial-familiar-con-familia-ampliada/
5_1bNNyAconmedidasdeproteccion_Dispositivos,DHBEvolucinTemporal,organismos-de-proteccion-de-derechos-de-la-ninez-adolescencia-y-justicia-juvenil,https://ladefe.gob.ar/monitoreo/organismos-de-proteccion-de-derechos-de-la-ninez-adolescencia-y-justicia-juvenil/nnya-con-medidas-de-proteccion-excepcionales/dispositivos-de-cuidado/,1,No,https://public.tableau.com/views/5_1bNNyAconmedidasdeproteccion_Dispositivos/DHBEvolucinTemporal,https://ladefe.gob.ar/monitoreo/organismos-de-proteccion-de-derechos-de-la-ninez-adolescencia-y-justicia-juvenil/nnya-con-medidas-de-proteccion-excepcionales/dispositivos-de-cuidado/
5_2PAE,DHBEvolucinTemporal,organismos-de-proteccion-de-derechos-de-la-ninez-adolescencia-y-justicia-juvenil,https://ladefe.gob.ar/monitoreo/organismos-de-proteccion-de-derechos-de-la-ninez-adolescencia-y-justicia-juvenil/programa-pae/,1,No,https://public.tableau.com/views/5_2PAE/DHBEvolucinTemporal,https://ladefe.gob.ar/monitoreo/organismos-de-proteccion-de-derechos-de-la-ninez-adolescencia-y-justicia-juvenil/programa-pae/
5_3Lnea102,DHBEvolucinTemporal,organismos-de-proteccion-de-derechos-de-la-ninez-adolescencia-y-justicia-juvenil,https://ladefe.gob.ar/monitoreo/organismos-de-proteccion-de-derechos-de-la-ninez-adolescencia-y-justicia-juvenil/linea-102/,1,No,https://public.tableau.com/views/5_3Lnea102/DHBEvolucinTemporal,https://ladefe.gob.ar/monitoreo/organismos-de-proteccion-de-derechos-de-la-ninez-adolescencia-y-justicia-juvenil/linea-102/
5_4aJusticiajuvenilAdolescentesyjvenes,DHBEvolucinTemporal,organismos-de-proteccion-de-derechos-de-la-ninez-adolescencia-y-justicia-juvenil,https://ladefe.gob.ar/monitoreo/organismos-de-proteccion-de-derechos-de-la-ninez-adolescencia-y-justicia-juvenil/adolescentes-y-jovenes-en-dispositivos-penales-2/adolescentes-y-jovenes-en-dispositivos-penales/,1,No,https://public.tableau.com/views/5_4aJusticiajuvenilAdolescentesyjvenes/DHBEvolucinTemporal,https://ladefe.gob.ar/monitoreo/organismos-de-proteccion-de-derechos-de-la-ninez-adolescencia-y-justicia-juvenil/adolescentes-y-jovenes-en-dispositivos-penales-2/adolescentes-y-jovenes-en-dispositivos-penales/
5_4bJusticiajuvenilDispositivospenales,DHBEvolucinTemporal,organismos-de-proteccion-de-derechos-de-la-ninez-adolescencia-y-justicia-juvenil,https://ladefe.gob.ar/monitoreo/organismos-de-proteccion-de-derechos-de-la-ninez-adolescencia-y-justicia-juvenil/adolescentes-y-jovenes-en-dispositivos-penales-2/dispositivos-penales/,1,No,https://public.tableau.com/views/5_4bJusticiajuvenilDispositivospenales/DHBEvolucinTemporal,https://ladefe.gob.ar/monitoreo/organismos-de-proteccion-de-derechos-de-la-ninez-adolescencia-y-justicia-juvenil/adolescentes-y-jovenes-en-dispositivos-penales-2/dispositivos-penales/
6_1Inversinpblicapresupuestonacional,DHBEvolucinTemporal,inversion-publica-en-ninez-y-adolescencia,https://ladefe.gob.ar/monitoreo/inversion-publica-en-ninez-y-adolescencia/inversion-publica-en-el-presupuesto-nacional/,1,No,https://public.tableau.com/views/6_1Inversinpblicapresupuestonacional/DHBEvolucinTemporal,https://ladefe.gob.ar/monitoreo/inversion-publica-en-ninez-y-adolescencia/inversion-publica-en-el-presupuesto-nacional/
6_2aInversinpblicanacionalyprovincialNNyA,DHBEvolucinTemporal,inversion-publica-en-ninez-y-adolescencia,https://ladefe.gob.ar/monitoreo/inversion-publica-en-ninez-y-adolescencia/inversion-publica-consolidada-nacional-y-provincial/inversion-dirigida-a-la-ninez-y-adolescencia/,1,No,https://public.tableau.com/views/6_2aInversinpblicanacionalyprovincialNNyA/DHBEvolucinTemporal,https://ladefe.gob.ar/monitoreo/inversion-publica-en-ninez-y-adolescencia/inversion-publica-consolidada-nacional-y-provincial/inversion-dirigida-a-la-ninez-y-adolescencia/
6_2bInversinpblicanacionalyprovincialPrimerainfancia,DHBEvolucinTemporal,inversion-publica-en-ninez-y-adolescencia,https://ladefe.gob.ar/monitoreo/inversion-publica-en-ninez-y-adolescencia/inversion-publica-consolidada-nacional-y-provincial/inversion-dirigida-a-la-primera-infancia/,1,No,https://public.tableau.com/views/6_2bInversinpblicanacionalyprovincialPrimerainfancia/DHBEvolucinTemporal,https://ladefe.gob.ar/monitoreo/inversion-publica-en-ninez-y-adolescencia/inversion-publica-consolidada-nacional-y-provincial/inversion-dirigida-a-la-primera-infancia/
7_1SaludsexualyreproductivaFecundidadadolescente,DHBEvolucinTemporal,adolescencia,https://ladefe.gob.ar/monitoreo/adolescencia/salud-sexual-y-reproductiva/fecundidad-y-embarazo/,1,No,https://public.tableau.com/views/7_1SaludsexualyreproductivaFecundidadadolescente/DHBEvolucinTemporal,https://ladefe.gob.ar/monitoreo/adolescencia/salud-sexual-y-reproductiva/fecundidad-y-embarazo/
7_3aMortalidadadolescenteTasas,DHBEvolucinTemporal,adolescencia,https://ladefe.gob.ar/monitoreo/adolescencia/mortalidad-adolescente/tasa-de-mortalidad-adolescente/,1,No,https://public.tableau.com/views/7_3aMortalidadadolescenteTasas/DHBEvolucinTemporal,https://ladefe.gob.ar/monitoreo/adolescencia/mortalidad-adolescente/tasa-de-mortalidad-adolescente/
7_3bMortalidadadolescenteCausas,DHBEvolucinTemporal,adolescencia,https://ladefe.gob.ar/monitoreo/adolescencia/mortalidad-adolescente/causas-de-muerte-adolescente/principales-causas-de-muerte-adolescente/,1,No,https://public.tableau.com/views/7_3bMortalidadadolescenteCausas/DHBEvolucinTemporal,https://ladefe.gob.ar/monitoreo/adolescencia/mortalidad-adolescente/causas-de-muerte-adolescente/principales-causas-de-muerte-adolescente/
7_3cMortalidadadolescenteCausasexternas,DHBEvolucinTemporal,adolescencia,https://ladefe.gob.ar/monitoreo/adolescencia/mortalidad-adolescente/causas-de-muerte-adolescente/foco-en-las-defunciones-por-causas-externas/todas-las-causas-externas/,2,Sí,https://public.tableau.com/views/7_3cMortalidadadolescenteCausasexternas/DHBEvolucinTemporal,https://ladefe.gob.ar/monitoreo/adolescencia/mortalidad-adolescente/causas-de-muerte-adolescente/foco-en-las-defunciones-por-causas-externas/todas-las-causas-externas/ | https://ladefe.gob.ar/monitoreo/salud/mortalidad/mortalidad-de-nnya-de-1-a-19-anos/causas-de-muerte-de-nnya/causas-externas-entre-las-defunciones-adolescentes-2/todas-las-causas-externas/
7_3dMortalidadadolescenteAccidentes,DHBEvolucinTemporal,adolescencia,https://ladefe.gob.ar/monitoreo/adolescencia/mortalidad-adolescente/causas-de-muerte-adolescente/foco-en-las-defunciones-por-causas-externas/accidentes/,2,Sí,https://public.tableau.com/views/7_3dMortalidadadolescenteAccidentes/DHBEvolucinTemporal,https://ladefe.gob.ar/monitoreo/adolescencia/mortalidad-adolescente/causas-de-muerte-adolescente/foco-en-las-defunciones-por-causas-externas/accidentes/ | https://ladefe.gob.ar/monitoreo/salud/mortalidad/mortalidad-de-nnya-de-1-a-19-anos/causas-de-muerte-de-nnya/causas-externas-entre-las-defunciones-adolescentes-2/accidentes/
7_3eMortalidadadolescenteSuicidios,DHBEvolucinTemporal,adolescencia,https://ladefe.gob.ar/monitoreo/adolescencia/mortalidad-adolescente/causas-de-muerte-adolescente/foco-en-las-defunciones-por-causas-externas/suicidios/,2,Sí,https://public.tableau.com/views/7_3eMortalidadadolescenteSuicidios/DHBEvolucinTemporal,https://ladefe.gob.ar/monitoreo/adolescencia/mortalidad-adolescente/causas-de-muerte-adolescente/foco-en-las-defunciones-por-causas-externas/suicidios/ | https://ladefe.gob.ar/monitoreo/salud/mortalidad/mortalidad-de-nnya-de-1-a-19-anos/causas-de-muerte-de-nnya/causas-externas-entre-las-defunciones-adolescentes-2/suicidios/
7_4Becasprogresar,DHBEvolucinTemporal,adolescencia,https://ladefe.gob.ar/monitoreo/adolescencia/becas-progresar/,2,Sí,https://public.tableau.com/views/7_4Becasprogresar/DHBEvolucinTemporal,https://ladefe.gob.ar/monitoreo/adolescencia/becas-progresar/ | https://ladefe.gob.ar/monitoreo/condiciones-de-vida-digna-en-la-ninez-y-adolescencia/politicas-de-transferencias-monetarias/becas-progresar-16-17/
8_1aNNyAdiscapacidadCUD_SS,DHBEvolucinTemporal,grupos-prioritarios,https://ladefe.gob.ar/monitoreo/grupos-prioritarios/nnya-con-discapacidad/nnya-con-cud-y-acceso-a-seguridad-social/,1,No,https://public.tableau.com/views/8_1aNNyAdiscapacidadCUD_SS/DHBEvolucinTemporal,https://ladefe.gob.ar/monitoreo/grupos-prioritarios/nnya-con-discapacidad/nnya-con-cud-y-acceso-a-seguridad-social/
8_1bNNyAdiscapacidadCaracteristicasCUD,DHBEvolucinTemporal,grupos-prioritarios,https://ladefe.gob.ar/monitoreo/grupos-prioritarios/nnya-con-discapacidad/caracterizacion-de-nnya-con-cud-2023/,1,No,https://public.tableau.com/views/8_1bNNyAdiscapacidadCaracteristicasCUD/DHBEvolucinTemporal,https://ladefe.gob.ar/monitoreo/grupos-prioritarios/nnya-con-discapacidad/caracterizacion-de-nnya-con-cud-2023/
8_1cNNyAdiscapacidadCaracteristicasurbanos,DHBEvolucinTemporal,grupos-prioritarios,https://ladefe.gob.ar/monitoreo/grupos-prioritarios/nnya-con-discapacidad/caracterizacion-de-nnya-urbanos-con-discapacidad-2018/,1,No,https://public.tableau.com/views/8_1cNNyAdiscapacidadCaracteristicasurbanos/DHBEvolucinTemporal,https://ladefe.gob.ar/monitoreo/grupos-prioritarios/nnya-con-discapacidad/caracterizacion-de-nnya-urbanos-con-discapacidad-2018/
8_2NNyAindgenas,DHBEvolucinTemporal,grupos-prioritarios,https://ladefe.gob.ar/monitoreo/grupos-prioritarios/nnya-indigenas/,1,No,https://public.tableau.com/views/8_2NNyAindgenas/DHBEvolucinTemporal,https://ladefe.gob.ar/monitoreo/grupos-prioritarios/nnya-indigenas/
8_3aNNyAmigrantes_Losmigrantesenloscensosnacionales,DHBEvolucinTemporal,grupos-prioritarios,https://ladefe.gob.ar/monitoreo/grupos-prioritarios/nnya-migrante/migrantes-en-los-censos/,1,No,https://public.tableau.com/views/8_3aNNyAmigrantes_Losmigrantesenloscensosnacionales/DHBEvolucinTemporal,https://ladefe.gob.ar/monitoreo/grupos-prioritarios/nnya-migrante/migrantes-en-los-censos/
8_3bNNyAmigrantes_Losmigrantesenlasreasurbanas,DHBEvolucinTemporal,grupos-prioritarios,https://ladefe.gob.ar/monitoreo/grupos-prioritarios/nnya-migrante/migrantes-en-areas-urbanas-ephu/,1,No,https://public.tableau.com/views/8_3bNNyAmigrantes_Losmigrantesenlasreasurbanas/DHBEvolucinTemporal,https://ladefe.gob.ar/monitoreo/grupos-prioritarios/nnya-migrante/migrantes-en-areas-urbanas-ephu/
8_3cNNyAmigrantes_Losmigrantesenlosregistrosadministrativos,DHBEvolucinTemporal,grupos-prioritarios,https://ladefe.gob.ar/monitoreo/grupos-prioritarios/nnya-migrante/migrantes-en-los-registros-administrativos/,1,No,https://public.tableau.com/views/8_3cNNyAmigrantes_Losmigrantesenlosregistrosadministrativos/DHBEvolucinTemporal,https://ladefe.gob.ar/monitoreo/grupos-prioritarios/nnya-migrante/migrantes-en-los-registros-administrativos/
